 forwarded, dropped, retries, battery, quality_tx, quality_rx, parent_rssi,label
0,0,3,31,15,15,234,normal data
0,0,14,32,15,15,225,normal data
0,0,10,32,14,15,246,normal data
0,0,7,31,15,15,243,normal data
71,1,26,32,14,15,239,normal data
0,0,3,31,15,15,230,normal data
0,0,0,32,15,15,239,normal data
0,0,4,31,15,15,234,normal data
0,0,27,31,15,15,225,normal data
0,1,23,31,7,15,243,hardware alarm
0,0,17,31,15,15,242,normal data
144,1,33,32,15,15,239,normal data
0,1,13,31,15,15,230,normal data
0,0,6,32,15,15,239,normal data
0,0,5,31,15,15,235,normal data
0,0,48,31,12,15,233,normal data
0,1,33,31,13,15,240,normal data
0,0,24,31,14,15,241,normal data
206,1,46,32,15,15,241,normal data
0,2,31,31,15,15,8,normal data
0,2,27,32,7,15,231,hardware alarm
0,0,10,31,14,15,235,normal data
0,0,11,31,14,15,235,normal data
57,0,86,31,15,15,231,normal data
0,2,47,31,7,15,240,hardware alarm
0,1,37,31,15,15,241,normal data
206,2,61,32,14,15,240,normal data
0,2,32,31,15,15,8,normal data
0,2,35,32,15,15,238,normal data
0,0,22,31,15,15,232,normal data
95,0,101,31,15,15,8,normal data
67,2,66,31,14,15,240,normal data
0,1,44,31,15,15,239,normal data
206,2,64,32,15,15,240,normal data
0,2,35,31,15,15,231,normal data
0,2,41,32,14,15,237,normal data
0,0,30,31,15,15,230,normal data
95,0,101,31,15,15,7,normal data
137,2,79,31,15,15,241,normal data
0,1,53,31,15,15,239,normal data
206,2,71,32,14,15,240,normal data
0,2,40,30,15,15,233,normal data
0,2,45,32,15,15,238,normal data
0,0,35,31,15,15,238,normal data
95,0,101,31,15,15,7,normal data
208,2,91,31,14,15,239,normal data
0,1,58,31,15,15,241,normal data
206,2,76,32,15,15,241,normal data
0,2,48,30,15,15,235,normal data
0,2,55,31,15,15,239,normal data
0,0,41,30,15,15,238,normal data
95,0,101,31,15,15,7,normal data
278,2,101,31,15,15,241,normal data
0,1,64,30,14,15,241,normal data
206,2,82,32,15,15,239,normal data
0,2,52,30,14,15,234,normal data
0,2,58,31,14,15,239,normal data
0,0,43,30,15,15,237,normal data
95,0,101,31,15,15,7,normal data
349,2,108,31,15,15,241,normal data
0,1,70,30,15,15,241,normal data
206,2,88,31,15,15,239,normal data
0,2,57,30,14,14,234,normal data
0,2,60,31,15,15,239,normal data
0,0,48,30,15,15,239,normal data
95,0,102,31,15,15,7,normal data
421,2,117,31,15,15,238,normal data
0,1,80,30,12,15,240,normal data
206,2,95,31,15,15,240,normal data
0,2,61,30,15,14,233,normal data
0,2,66,31,15,15,240,normal data
0,0,53,30,15,15,237,normal data
95,0,102,31,15,15,7,normal data
491,2,129,31,13,15,243,normal data
0,1,84,30,15,15,242,normal data
206,2,99,31,15,15,240,normal data
0,2,64,30,15,15,231,normal data
0,2,72,31,15,15,237,normal data
0,0,57,30,15,15,239,normal data
95,0,102,31,15,15,7,normal data
561,2,132,30,15,15,242,normal data
0,1,87,30,14,15,243,normal data
206,2,100,31,15,15,238,normal data
0,2,67,30,15,15,227,normal data
0,2,76,31,15,15,237,normal data
0,0,62,30,15,15,237,normal data
95,0,103,30,15,15,7,normal data
630,2,132,30,15,15,242,normal data
0,1,89,30,15,15,242,normal data
206,2,109,31,15,15,237,normal data
0,2,68,30,15,15,229,normal data
0,2,78,31,15,15,240,normal data
0,0,64,30,15,15,237,normal data
95,0,103,30,15,15,7,normal data
700,2,135,30,15,15,242,normal data
0,1,96,30,14,15,242,normal data
206,2,114,31,15,15,238,normal data
0,2,72,30,15,15,227,normal data
0,2,82,31,15,15,238,normal data
0,0,67,30,14,15,237,normal data
95,0,103,30,15,15,7,normal data
771,2,138,30,15,15,239,normal data
0,1,99,30,15,15,239,normal data
206,2,120,31,15,15,239,normal data
0,2,75,30,14,15,231,normal data
0,2,86,31,14,15,239,normal data
0,0,76,30,13,15,239,normal data
95,0,103,30,15,15,7,normal data
795,2,142,30,15,15,239,normal data
0,1,104,30,15,15,239,normal data
206,2,123,31,15,15,241,normal data
0,2,77,30,15,15,233,normal data
0,2,89,31,15,15,239,normal data
0,0,78,30,15,15,238,normal data
95,0,103,30,15,15,7,normal data
865,2,153,30,15,15,238,normal data
0,1,108,30,14,15,239,normal data
206,2,125,31,15,15,241,normal data
0,2,82,30,15,15,233,normal data
0,2,94,31,15,15,238,normal data
0,0,83,30,15,15,237,normal data
95,0,103,30,15,15,7,normal data
936,2,167,30,14,15,238,normal data
0,1,114,30,15,15,239,normal data
206,2,131,31,14,15,239,normal data
0,2,87,30,15,15,230,normal data
0,2,99,31,14,15,239,normal data
0,0,84,30,15,15,239,normal data
95,0,103,30,15,15,7,normal data
1006,2,174,30,14,15,238,normal data
0,1,118,30,15,15,239,normal data
206,2,133,31,15,15,241,normal data
0,2,89,29,15,15,232,normal data
0,2,99,31,15,15,239,normal data
0,0,93,30,12,15,239,normal data
95,0,103,30,15,15,7,normal data
1077,2,178,30,15,15,239,normal data
0,1,122,30,15,15,238,normal data
206,2,136,31,15,15,241,normal data
0,2,92,29,15,15,231,normal data
0,2,101,31,15,15,239,normal data
0,0,98,30,14,15,239,normal data
95,0,103,30,15,15,7,normal data
1147,2,185,30,14,15,239,normal data
0,1,128,30,13,15,239,normal data
206,2,141,31,13,15,238,normal data
0,2,92,29,15,15,233,normal data
0,2,104,30,15,15,239,normal data
0,0,99,30,15,15,239,normal data
95,0,103,30,15,15,7,normal data
1217,2,192,30,15,15,239,normal data
0,1,132,30,15,15,241,normal data
206,2,148,31,14,15,238,normal data
0,2,93,29,15,15,233,normal data
0,2,111,30,15,15,239,normal data
0,0,105,29,14,15,239,normal data
95,0,103,30,15,15,7,normal data
1288,2,202,30,15,15,237,normal data
0,1,136,30,15,15,239,normal data
206,2,150,31,15,15,239,normal data
0,2,98,29,15,15,234,normal data
0,2,113,30,15,15,239,normal data
0,0,112,29,14,15,239,normal data
95,0,103,30,15,15,7,normal data
1358,2,204,30,15,15,239,normal data
0,1,137,29,15,15,239,normal data
206,2,155,31,15,15,238,normal data
0,2,103,29,15,15,233,normal data
0,2,116,30,15,15,239,normal data
0,0,116,29,15,15,239,normal data
95,0,103,30,15,15,7,normal data
1429,2,206,30,15,15,238,normal data
0,1,151,29,14,15,239,normal data
206,2,157,30,15,15,239,normal data
0,2,107,29,14,15,233,normal data
0,2,119,30,15,15,239,normal data
0,0,120,29,15,15,239,normal data
95,0,103,30,15,15,7,normal data
1499,2,210,30,15,15,239,normal data
0,1,153,29,15,15,239,normal data
206,2,165,30,13,15,239,normal data
0,2,115,29,15,15,233,normal data
0,2,123,30,15,15,239,normal data
0,0,121,29,15,15,239,normal data
95,0,104,30,15,15,7,normal data
1569,2,217,30,15,15,239,normal data
0,1,157,29,15,15,239,normal data
0,1,158,29,15,15,239,normal data
206,2,172,30,12,15,241,normal data
0,2,118,29,15,15,235,normal data
0,2,128,30,15,15,240,normal data
0,0,126,29,15,15,241,normal data
95,0,104,30,15,15,7,normal data
1640,2,229,30,15,15,236,normal data
0,1,171,29,12,15,239,normal data
206,2,183,30,14,15,240,normal data
0,2,123,29,14,15,234,normal data
0,2,139,30,12,15,240,normal data
0,0,131,29,15,15,240,normal data
95,0,105,30,15,15,7,normal data
1710,2,231,30,15,15,236,normal data
0,1,176,29,13,15,239,normal data
206,2,191,30,14,15,239,normal data
0,2,126,29,15,15,234,normal data
0,2,147,30,15,15,240,normal data
0,0,137,29,15,15,240,normal data
95,0,105,30,15,15,7,normal data
1780,2,244,30,15,15,236,normal data
1780,2,246,30,15,15,236,normal data
0,1,184,29,14,15,239,normal data
206,2,199,30,14,15,239,normal data
0,2,128,29,15,15,235,normal data
0,2,150,30,15,14,240,normal data
0,0,142,29,15,14,240,normal data
95,0,105,30,15,15,8,normal data
1851,2,252,29,15,14,236,normal data
0,1,193,29,15,14,239,normal data
206,2,200,30,15,14,239,normal data
0,2,129,29,15,14,235,normal data
0,2,150,30,15,14,240,normal data
0,0,149,29,15,15,240,normal data
95,0,105,30,15,15,7,normal data
1921,2,259,29,15,14,236,normal data
0,1,197,29,14,14,240,normal data
206,2,206,30,15,15,239,normal data
0,2,132,29,15,15,234,normal data
0,2,152,30,15,15,240,normal data
0,0,156,29,15,15,240,normal data
95,0,105,30,15,15,9,normal data
1992,2,260,29,15,15,236,normal data
0,1,206,29,15,15,239,normal data
206,2,212,30,15,15,239,normal data
0,2,134,29,15,15,234,normal data
0,2,156,30,15,14,240,normal data
0,0,161,29,15,15,240,normal data
95,0,106,29,15,15,7,normal data
2062,2,263,29,14,15,236,normal data
0,1,208,29,14,14,239,normal data
206,2,216,30,15,15,239,normal data
0,2,137,29,15,14,234,normal data
0,2,161,30,15,15,240,normal data
0,0,167,29,15,15,239,normal data
95,0,107,29,15,15,8,normal data
2132,2,273,29,15,15,236,normal data
0,1,209,29,15,14,239,normal data
206,2,220,30,14,15,239,normal data
0,2,137,29,15,15,234,normal data
0,2,168,30,15,15,240,normal data
0,0,174,29,15,15,240,normal data
95,0,107,29,15,15,8,normal data
2203,2,283,29,15,15,236,normal data
0,1,219,29,15,15,239,normal data
206,2,224,30,14,15,239,normal data
0,2,142,29,14,15,234,normal data
0,2,171,30,15,15,240,normal data
0,0,183,29,13,15,240,normal data
95,0,107,29,15,15,7,normal data
2273,2,294,29,15,15,236,normal data
0,1,221,29,14,15,239,normal data
206,2,237,30,13,15,239,normal data
0,2,149,29,15,15,234,normal data
0,2,182,30,15,15,241,normal data
0,0,189,29,12,15,240,normal data
95,0,109,29,15,15,8,normal data
2344,2,302,29,15,15,236,normal data
0,1,223,29,14,15,239,normal data
206,2,237,30,15,15,239,normal data
0,2,151,29,15,15,234,normal data
0,2,188,30,14,15,240,normal data
0,0,195,29,14,15,240,normal data
95,0,110,29,15,15,7,normal data
2414,2,303,29,15,15,236,normal data
0,1,229,29,15,15,239,normal data
206,2,242,30,14,15,239,normal data
0,2,156,29,14,15,234,normal data
0,2,194,30,15,15,241,normal data
0,0,195,29,15,15,240,normal data
95,0,110,29,15,15,7,normal data
2484,2,307,29,15,15,236,normal data
0,1,236,29,14,15,239,normal data
206,2,250,30,15,15,239,normal data
0,2,163,29,13,15,234,normal data
0,2,201,30,15,15,240,normal data
0,0,202,29,15,15,240,normal data
95,0,111,29,15,15,8,normal data
2555,2,313,29,15,15,235,normal data
0,1,241,29,15,15,239,normal data
206,2,255,30,14,15,239,normal data
0,2,166,29,15,15,234,normal data
0,2,206,30,14,15,240,normal data
0,0,204,29,15,15,240,normal data
95,0,113,29,15,15,7,normal data
2625,2,318,29,14,15,236,normal data
0,1,249,29,13,15,239,normal data
206,2,259,30,15,15,239,normal data
0,2,170,28,15,15,233,normal data
0,2,211,30,15,15,240,normal data
0,0,208,29,14,15,240,normal data
95,0,113,29,15,15,9,normal data
2696,2,320,29,15,15,235,normal data
0,1,251,29,15,15,239,normal data
206,2,266,30,14,15,239,normal data
0,2,172,28,15,15,233,normal data
0,2,212,30,15,15,240,normal data
0,0,215,29,13,15,240,normal data
95,0,113,29,15,15,7,normal data
2766,2,327,29,15,15,236,normal data
0,1,259,29,15,15,239,normal data
206,2,274,30,15,15,239,normal data
0,2,176,28,15,15,234,normal data
0,2,214,30,15,15,240,normal data
0,0,220,29,15,15,240,normal data
95,0,113,29,15,15,8,normal data
2836,2,336,29,15,15,236,normal data
0,1,262,29,15,14,239,normal data
206,2,280,30,14,15,239,normal data
0,2,181,28,15,15,233,normal data
0,2,220,30,15,15,241,normal data
0,0,230,29,14,15,241,normal data
95,0,113,29,15,15,8,normal data
2907,2,341,29,13,15,235,normal data
0,1,271,29,15,14,239,normal data
206,2,294,30,14,15,238,normal data
0,2,187,28,15,15,234,normal data
0,2,224,30,13,15,240,normal data
0,0,234,29,15,15,240,normal data
95,0,113,29,15,15,8,normal data
2977,2,346,29,15,15,236,normal data
0,1,275,29,15,15,239,normal data
206,2,301,30,14,15,239,normal data
0,2,192,28,15,15,233,normal data
0,2,227,29,14,15,240,normal data
0,0,244,28,14,15,240,normal data
95,0,113,29,15,15,8,normal data
3047,2,353,29,14,15,236,normal data
0,1,280,29,15,15,239,normal data
206,2,303,30,15,15,239,normal data
0,2,195,28,15,15,233,normal data
0,2,231,29,15,15,241,normal data
0,0,249,28,13,15,240,normal data
95,0,113,29,15,15,8,normal data
3118,2,360,29,15,15,235,normal data
0,1,287,29,13,15,239,normal data
206,2,308,30,15,15,239,normal data
0,2,196,28,15,15,233,normal data
0,2,247,29,13,15,240,normal data
0,0,260,28,15,15,240,normal data
95,0,113,29,15,15,8,normal data
3188,2,363,29,15,15,236,normal data
0,1,294,29,15,15,239,normal data
206,2,313,30,15,15,239,normal data
0,2,202,28,14,15,234,normal data
0,2,251,29,14,15,240,normal data
0,0,265,28,15,15,240,normal data
95,0,113,29,15,15,8,normal data
3259,2,368,29,15,15,236,normal data
0,1,301,29,15,15,239,normal data
206,2,314,30,15,15,237,normal data
0,2,208,28,15,15,233,normal data
0,2,256,29,14,15,241,normal data
0,0,272,28,15,15,240,normal data
95,0,115,29,15,15,8,normal data
3329,2,370,29,15,15,235,normal data
0,1,303,28,14,15,239,normal data
206,2,318,30,15,15,239,normal data
0,2,211,28,15,15,233,normal data
0,2,259,29,15,15,240,normal data
0,0,276,28,14,15,241,normal data
95,0,115,29,15,15,8,normal data
3399,2,373,29,15,15,235,normal data
0,1,311,28,14,15,239,normal data
206,2,321,29,15,15,239,normal data
0,2,214,28,15,15,233,normal data
0,2,260,29,15,15,240,normal data
0,0,279,28,15,15,240,normal data
95,0,115,29,15,15,8,normal data
3470,2,384,29,15,15,236,normal data
0,1,314,28,15,15,239,normal data
206,2,328,29,14,15,239,normal data
0,2,216,28,15,15,233,normal data
0,2,262,29,15,15,240,normal data
0,0,286,28,15,15,240,normal data
95,0,115,29,15,15,8,normal data
3540,2,392,29,14,15,236,normal data
0,1,323,28,14,15,239,normal data
206,2,339,29,12,15,239,normal data
0,2,219,28,15,15,233,normal data
0,2,265,29,15,15,241,normal data
0,0,291,28,15,15,240,normal data
95,0,115,29,15,15,8,normal data
3611,2,398,29,15,15,236,normal data
0,1,328,28,15,15,239,normal data
206,2,346,29,14,15,239,normal data
0,2,221,28,15,15,234,normal data
0,2,272,29,15,15,240,normal data
0,0,301,28,14,15,240,normal data
95,0,115,29,15,15,8,normal data
3681,2,406,29,14,15,236,normal data
0,1,336,28,14,15,239,normal data
206,2,350,29,13,15,239,normal data
0,2,222,28,15,15,233,normal data
0,2,276,29,14,15,240,normal data
0,0,314,28,14,15,240,normal data
95,0,115,29,15,15,8,normal data
3751,2,412,29,14,15,235,normal data
0,1,339,28,15,15,239,normal data
206,2,352,29,15,15,237,normal data
0,2,232,28,14,15,234,normal data
0,2,277,29,15,15,241,normal data
0,0,323,28,15,15,241,normal data
95,0,115,29,15,15,8,normal data
3822,2,421,29,15,15,235,normal data
0,1,349,28,14,15,240,normal data
206,2,357,29,15,15,237,normal data
0,2,233,28,15,15,234,normal data
0,2,283,29,15,15,241,normal data
0,0,332,28,14,15,240,normal data
95,0,115,29,15,15,8,normal data
3892,2,426,29,15,15,235,normal data
0,1,354,28,14,15,239,normal data
206,2,365,29,15,15,237,normal data
0,2,234,28,15,15,234,normal data
0,2,284,29,15,15,240,normal data
0,0,336,28,14,15,240,normal data
95,0,115,29,15,15,8,normal data
3963,2,429,29,15,15,235,normal data
0,1,358,28,15,15,239,normal data
206,2,370,29,15,15,239,normal data
0,2,235,28,15,15,233,normal data
0,2,289,29,15,15,240,normal data
0,0,341,28,15,15,240,normal data
95,0,115,29,15,15,8,normal data
4033,2,435,29,15,15,235,normal data
0,1,362,28,15,15,239,normal data
206,2,385,29,14,15,239,normal data
0,2,238,28,15,14,233,normal data
0,2,290,29,15,14,241,normal data
0,0,349,28,15,15,240,normal data
95,0,115,29,15,15,8,normal data
4103,2,441,29,15,15,238,normal data
0,1,364,28,15,15,240,normal data
206,2,391,29,15,15,245,normal data
0,2,240,28,14,15,226,normal data
0,2,292,29,15,15,239,normal data
0,0,355,28,15,15,240,normal data
95,0,115,29,15,15,8,normal data
4174,2,451,29,14,15,241,normal data
0,1,372,28,14,15,243,normal data
206,2,396,29,15,15,237,normal data
0,2,242,28,15,15,226,normal data
0,2,296,29,15,15,238,normal data
0,0,359,28,15,15,240,normal data
95,0,116,29,15,15,8,normal data
4244,2,458,29,15,15,241,normal data
0,1,379,28,14,15,242,normal data
206,2,399,29,15,15,237,normal data
0,2,245,28,15,15,225,normal data
0,2,297,29,15,15,238,normal data
0,0,362,28,15,15,242,normal data
0,0,363,28,15,15,242,normal data
95,0,116,29,15,15,8,normal data
4314,2,466,29,15,15,242,normal data
0,1,384,28,15,15,242,normal data
206,2,405,29,15,15,236,normal data
0,2,246,28,15,15,222,normal data
0,2,300,29,15,14,237,normal data
0,0,366,28,15,15,241,normal data
95,0,116,29,15,15,8,normal data
4385,2,472,28,15,15,239,normal data
0,1,388,28,15,15,239,normal data
206,2,412,29,14,15,240,normal data
0,2,250,28,15,15,225,normal data
0,2,303,29,15,15,241,normal data
0,0,374,28,15,15,241,normal data
95,0,117,29,15,15,8,normal data
4455,2,477,28,15,15,236,normal data
0,1,396,28,13,15,239,normal data
206,2,423,29,14,15,236,normal data
0,2,253,28,15,15,234,normal data
0,2,309,29,14,15,241,normal data
0,0,385,28,15,15,240,normal data
95,0,117,29,15,15,8,normal data
4526,2,480,28,14,15,237,normal data
0,1,398,28,15,15,239,normal data
206,2,430,29,14,15,237,normal data
0,2,254,28,15,15,234,normal data
0,2,313,29,15,15,241,normal data
0,0,393,28,15,15,240,normal data
95,0,117,29,15,15,8,normal data
4596,2,485,28,15,15,236,normal data
0,1,403,28,15,15,238,normal data
206,2,435,29,14,15,236,normal data
0,2,256,28,15,15,235,normal data
0,2,318,29,15,15,241,normal data
0,0,394,28,15,15,239,normal data
95,0,117,29,15,15,8,normal data
4666,2,495,28,15,15,236,normal data
0,1,408,28,15,15,238,normal data
206,2,442,29,15,14,238,normal data
0,2,257,28,15,15,234,normal data
0,2,319,29,15,15,241,normal data
0,0,395,28,15,15,240,normal data
95,0,117,29,15,15,8,normal data
4738,2,496,28,15,15,237,normal data
0,1,414,28,15,15,239,normal data
206,2,444,29,14,14,237,normal data
0,2,261,28,15,14,235,normal data
0,2,323,29,15,15,241,normal data
0,0,397,28,15,15,239,normal data
95,0,117,29,15,15,8,normal data
4808,2,509,28,15,15,236,normal data
0,1,418,28,15,15,239,normal data
206,2,448,29,15,15,237,normal data
0,2,267,28,14,14,234,normal data
0,2,331,29,15,15,240,normal data
0,0,398,28,15,15,240,normal data
95,0,117,29,15,15,8,normal data
4879,2,518,28,15,15,237,normal data
0,1,423,28,14,15,239,normal data
206,2,460,29,13,15,237,normal data
0,2,275,28,15,15,235,normal data
0,2,338,29,15,15,241,normal data
0,0,410,28,15,15,240,normal data
95,0,117,29,15,15,8,normal data
4949,2,525,28,15,15,237,normal data
0,1,430,28,14,15,239,normal data
206,2,466,29,15,15,235,normal data
0,2,280,28,15,14,235,normal data
0,2,347,29,13,15,241,normal data
0,0,420,28,12,15,240,normal data
95,0,117,29,15,15,8,normal data
5019,2,536,28,14,15,237,normal data
0,1,433,28,15,14,239,normal data
206,2,477,29,14,14,235,normal data
0,2,281,28,15,14,234,normal data
0,2,355,29,15,15,241,normal data
0,0,427,28,14,15,240,normal data
95,0,118,29,15,15,8,normal data
5091,2,549,28,15,15,237,normal data
0,1,436,28,14,14,239,normal data
206,2,491,29,13,15,237,normal data
0,2,286,28,13,15,234,normal data
0,2,368,29,12,15,241,normal data
0,0,434,28,14,15,239,normal data
95,0,118,29,15,15,8,normal data
5161,2,561,28,13,15,237,normal data
0,1,438,28,15,15,239,normal data
206,2,500,29,14,15,237,normal data
0,2,288,28,15,15,234,normal data
0,2,376,29,15,15,240,normal data
0,0,441,28,14,15,239,normal data
95,0,118,29,15,15,8,normal data
5231,2,567,28,14,15,237,normal data
0,1,445,28,12,15,239,normal data
206,2,509,29,14,15,237,normal data
0,2,293,28,14,14,234,normal data
0,2,379,29,15,15,240,normal data
0,0,445,28,13,15,240,normal data
95,0,118,29,15,15,8,normal data
5302,2,575,28,15,15,237,normal data
0,1,453,28,14,15,239,normal data
206,2,514,29,13,15,237,normal data
0,2,299,28,15,15,235,normal data
0,2,382,29,15,15,241,normal data
0,0,449,28,14,15,239,normal data
95,0,118,29,15,15,8,normal data
5372,2,589,28,14,15,237,normal data
0,1,459,28,14,15,239,normal data
206,2,520,29,14,15,237,normal data
0,2,301,28,15,15,234,normal data
0,2,390,29,15,15,241,normal data
0,0,458,28,15,15,240,normal data
95,0,118,28,15,15,8,normal data
5443,2,596,28,13,15,237,normal data
0,1,462,28,15,15,239,normal data
206,2,527,29,15,15,237,normal data
0,2,308,28,15,15,234,normal data
0,2,395,29,15,15,241,normal data
0,0,459,28,15,15,240,normal data
95,0,118,28,15,15,7,normal data
5513,2,607,28,15,15,237,normal data
0,1,468,28,15,15,239,normal data
206,2,535,29,15,15,237,normal data
0,2,309,28,15,15,234,normal data
0,2,402,29,14,15,241,normal data
0,0,469,28,13,15,240,normal data
95,0,118,28,15,15,8,normal data
5583,2,616,28,15,15,237,normal data
0,1,473,28,15,15,239,normal data
206,2,542,29,15,15,237,normal data
0,2,314,28,15,15,235,normal data
0,2,407,29,15,15,241,normal data
0,0,478,28,13,15,241,normal data
95,0,119,28,15,15,8,normal data
5655,2,638,28,13,15,237,normal data
0,1,480,28,13,15,239,normal data
206,2,549,29,15,15,237,normal data
0,2,318,28,15,15,234,normal data
0,2,408,29,15,15,241,normal data
0,0,483,28,14,15,240,normal data
95,0,119,28,15,15,8,normal data
5725,2,648,28,15,15,237,normal data
0,1,486,28,12,15,239,normal data
206,2,557,29,15,15,238,normal data
0,2,321,28,15,15,234,normal data
0,2,410,29,14,15,241,normal data
0,0,489,28,15,15,240,normal data
95,0,119,28,15,15,8,normal data
5796,2,653,28,15,15,237,normal data
0,1,495,28,15,15,239,normal data
206,2,560,29,15,15,237,normal data
0,2,323,28,15,15,234,normal data
0,2,411,29,15,15,241,normal data
0,0,493,28,15,15,240,normal data
95,0,119,28,15,15,8,normal data
5866,2,661,28,15,15,237,normal data
0,1,500,28,15,15,239,normal data
206,2,567,29,15,15,237,normal data
0,2,328,28,15,15,234,normal data
0,2,419,29,14,15,241,normal data
0,0,498,28,15,15,240,normal data
95,0,120,28,15,15,8,normal data
5936,2,668,28,15,15,237,normal data
0,1,506,28,15,15,238,normal data
206,2,571,29,15,15,236,normal data
0,2,331,28,15,15,235,normal data
0,2,421,29,15,15,241,normal data
0,0,502,28,15,15,240,normal data
95,0,120,28,15,15,8,normal data
6007,2,669,28,15,15,237,normal data
0,1,509,28,15,15,239,normal data
206,2,574,29,15,15,238,normal data
0,2,334,28,15,15,235,normal data
0,2,425,29,15,15,241,normal data
0,0,506,28,14,15,240,normal data
95,0,120,28,15,15,8,normal data
6077,2,674,28,15,15,237,normal data
0,1,512,28,15,15,239,normal data
206,2,581,29,14,15,238,normal data
0,2,338,28,15,15,234,normal data
0,2,425,29,15,15,241,normal data
0,0,510,28,15,15,240,normal data
95,0,120,28,15,15,8,normal data
6147,2,683,28,15,15,237,normal data
0,1,518,28,15,15,239,normal data
206,2,588,29,15,15,236,normal data
0,2,342,28,15,15,234,normal data
0,2,430,29,14,15,241,normal data
0,0,515,28,15,15,240,normal data
95,0,120,28,15,15,8,normal data
6218,2,693,28,13,15,237,normal data
0,1,522,28,13,15,239,normal data
206,2,591,29,15,15,237,normal data
0,2,343,28,15,15,234,normal data
0,2,435,29,15,15,241,normal data
0,0,517,28,15,15,241,normal data
95,0,122,28,15,15,8,normal data
6288,2,696,28,15,15,237,normal data
0,1,528,28,15,15,239,normal data
206,2,596,29,15,15,237,normal data
0,2,346,27,15,15,235,normal data
0,2,440,29,12,15,241,normal data
0,0,520,28,15,15,240,normal data
95,0,122,28,15,15,10,normal data
6359,2,702,28,15,15,237,normal data
0,1,533,28,15,15,239,normal data
206,2,597,29,15,15,237,normal data
0,2,352,27,15,15,234,normal data
0,2,443,29,15,15,241,normal data
0,0,523,28,14,15,240,normal data
95,0,122,28,15,15,8,normal data
6429,2,712,28,13,15,237,normal data
0,1,541,28,15,15,239,normal data
206,2,603,29,14,15,238,normal data
0,2,357,27,15,15,234,normal data
0,2,444,29,15,15,241,normal data
0,0,527,28,15,15,240,normal data
95,0,122,28,15,15,8,normal data
6499,2,715,28,15,15,237,normal data
0,1,544,28,15,15,239,normal data
206,2,608,29,14,15,237,normal data
0,2,358,27,15,15,234,normal data
0,2,448,29,15,15,241,normal data
0,0,531,28,15,15,241,normal data
95,0,122,28,15,15,8,normal data
6570,2,720,28,15,15,237,normal data
0,1,551,28,14,15,239,normal data
206,2,611,29,15,15,236,normal data
0,2,363,27,15,15,235,normal data
0,2,451,29,15,15,241,normal data
0,0,536,28,14,15,240,normal data
95,0,122,28,15,15,8,normal data
6640,2,723,28,15,15,237,normal data
0,1,555,28,15,15,238,normal data
206,2,618,29,13,15,237,normal data
0,2,366,27,15,15,234,normal data
0,2,458,29,15,15,241,normal data
0,0,539,28,15,15,241,normal data
95,0,122,28,15,15,8,normal data
6711,2,727,28,15,15,237,normal data
0,1,558,28,15,15,239,normal data
206,2,621,29,15,15,237,normal data
0,2,370,27,15,15,235,normal data
0,2,463,29,14,15,241,normal data
0,0,542,28,15,15,240,normal data
95,0,123,28,15,15,8,normal data
6782,2,734,28,14,15,237,normal data
0,1,560,28,15,15,239,normal data
206,2,627,29,14,15,238,normal data
0,2,375,27,15,15,235,normal data
0,2,464,29,15,15,241,normal data
0,0,547,27,14,15,241,normal data
95,0,123,28,15,15,8,normal data
6852,2,743,28,14,15,237,normal data
0,1,562,28,15,15,239,normal data
206,2,632,29,15,15,238,normal data
0,2,381,27,15,15,235,normal data
0,2,465,28,15,15,241,normal data
0,0,551,27,15,15,240,normal data
95,0,123,28,15,15,8,normal data
6923,2,750,28,15,15,237,normal data
0,1,565,28,15,15,239,normal data
206,2,641,29,13,15,238,normal data
0,2,384,27,15,15,235,normal data
0,2,468,28,15,15,241,normal data
0,0,556,27,14,15,240,normal data
95,0,123,28,15,15,8,normal data
6993,2,755,28,15,15,237,normal data
0,1,568,28,15,15,239,normal data
206,2,648,29,13,15,238,normal data
0,2,385,27,15,15,234,normal data
0,2,472,28,14,15,241,normal data
0,0,562,27,13,15,241,normal data
95,0,123,28,15,15,8,normal data
7063,2,765,28,15,15,237,normal data
0,1,571,28,15,15,239,normal data
206,2,652,29,15,15,236,normal data
0,2,388,27,15,15,234,normal data
0,2,475,28,15,15,241,normal data
0,0,564,27,15,15,240,normal data
95,0,123,28,15,15,8,normal data
7134,2,769,28,15,15,237,normal data
0,1,573,28,15,15,239,normal data
206,2,659,29,13,15,237,normal data
0,2,391,27,15,15,234,normal data
0,2,480,28,15,15,241,normal data
0,0,568,27,15,15,241,normal data
95,0,124,28,15,15,8,normal data
7204,2,774,28,15,15,237,normal data
0,1,576,28,15,15,239,normal data
206,2,665,29,13,15,238,normal data
0,2,399,27,14,15,235,normal data
0,2,484,28,14,15,241,normal data
0,0,572,27,15,15,241,normal data
95,0,124,28,15,15,8,normal data
7275,2,778,28,15,15,237,normal data
0,1,581,28,14,15,239,normal data
206,2,670,29,14,15,237,normal data
0,2,404,27,14,15,235,normal data
0,2,488,28,15,15,241,normal data
0,0,578,27,14,15,241,normal data
95,0,124,28,15,15,8,normal data
7345,2,782,28,15,15,237,normal data
0,1,584,28,15,15,239,normal data
206,2,678,29,14,15,238,normal data
0,2,406,27,15,15,233,normal data
0,2,491,28,15,15,241,normal data
0,0,581,27,15,15,241,normal data
95,0,124,28,15,15,9,normal data
7415,2,790,28,15,15,237,normal data
0,1,592,28,14,15,239,normal data
206,2,682,29,15,15,237,normal data
0,2,408,27,15,15,235,normal data
0,2,495,28,15,15,241,normal data
0,0,589,27,15,15,240,normal data
95,0,124,28,15,15,8,normal data
7486,2,797,28,15,15,237,normal data
0,1,594,27,15,15,239,normal data
206,2,689,29,14,15,237,normal data
0,2,410,27,15,15,235,normal data
0,2,501,28,14,15,241,normal data
0,0,595,27,15,15,241,normal data
95,0,125,28,15,15,8,normal data
7556,2,805,28,15,15,237,normal data
0,1,594,27,15,15,239,normal data
206,2,693,29,15,15,237,normal data
0,2,412,27,15,15,235,normal data
0,2,505,28,15,15,241,normal data
0,0,600,27,15,15,240,normal data
95,0,125,28,15,15,8,normal data
7627,2,809,28,15,15,237,normal data
0,1,599,27,15,15,239,normal data
206,2,700,28,14,15,237,normal data
0,2,413,27,15,15,235,normal data
0,2,507,28,15,15,241,normal data
0,0,606,27,14,15,240,normal data
95,0,125,28,15,15,8,normal data
7697,2,811,28,15,15,237,normal data
0,1,600,27,15,15,238,normal data
206,2,708,28,14,15,237,normal data
0,2,419,27,15,15,235,normal data
0,2,512,28,15,15,241,normal data
0,0,608,27,15,15,240,normal data
95,0,125,28,15,15,8,normal data
7767,2,815,28,15,15,237,normal data
0,1,601,27,15,15,240,normal data
206,2,711,28,15,15,237,normal data
0,2,425,27,15,15,235,normal data
0,2,513,28,15,15,241,normal data
0,0,615,27,15,15,241,normal data
95,0,125,28,15,15,8,normal data
7838,2,817,28,15,15,237,normal data
0,1,606,27,15,15,240,normal data
206,2,713,28,15,15,236,normal data
0,2,431,27,15,15,235,normal data
0,2,516,28,15,15,241,normal data
0,0,620,27,15,15,240,normal data
95,0,125,28,15,15,8,normal data
7908,2,820,28,15,15,237,normal data
0,1,612,27,15,15,239,normal data
206,2,721,28,15,15,237,normal data
0,2,434,27,14,15,234,normal data
0,2,518,28,15,15,241,normal data
0,0,628,27,14,15,240,normal data
95,0,125,28,15,15,10,normal data
7978,7,851,28,7,15,237,hardware alarm
0,2,619,27,11,15,239,normal data
206,3,728,28,14,13,236,normal data
0,3,452,27,12,15,235,normal data
0,2,525,28,12,15,241,normal data
0,0,630,27,15,14,241,normal data
95,0,127,28,15,13,231,normal data
7994,7,853,28,15,13,237,normal data
0,2,624,27,15,13,239,normal data
206,3,729,28,15,13,237,normal data
0,3,455,27,15,12,235,normal data
0,2,526,28,15,13,241,normal data
0,0,633,27,15,15,240,normal data
95,0,131,28,15,13,232,normal data
7994,7,853,28,15,13,237,normal data
0,2,628,27,15,13,239,normal data
206,3,733,28,15,14,237,normal data
0,3,458,27,15,15,235,normal data
0,2,531,28,15,15,241,normal data
0,0,636,27,15,15,240,normal data
95,0,134,28,14,15,231,normal data
7994,7,856,28,15,15,237,normal data
0,2,631,27,15,14,239,normal data
206,3,739,28,13,15,237,normal data
0,3,461,27,15,15,235,normal data
0,2,537,28,14,15,241,normal data
0,0,640,27,14,15,240,normal data
95,0,139,28,14,15,232,normal data
7994,7,860,28,13,15,237,normal data
0,2,635,27,14,15,239,normal data
206,3,741,28,15,15,237,normal data
0,3,467,27,14,15,234,normal data
0,2,543,28,15,15,241,normal data
0,0,648,27,15,15,240,normal data
95,0,145,28,12,15,233,normal data
7994,7,863,28,14,15,237,normal data
0,2,639,27,14,15,239,normal data
206,3,749,28,15,15,237,normal data
0,3,469,27,15,15,235,normal data
0,2,546,28,15,15,241,normal data
0,0,654,27,15,15,241,normal data
95,0,152,28,15,15,233,normal data
7994,7,866,28,15,15,236,normal data
0,2,641,27,15,15,240,normal data
206,3,750,28,15,15,237,normal data
0,3,470,27,15,15,235,normal data
0,2,553,28,14,15,241,normal data
0,0,656,27,15,15,240,normal data
95,0,157,28,13,15,233,normal data
7994,7,874,27,14,15,237,normal data
0,2,645,27,15,15,238,normal data
206,3,754,28,15,15,237,normal data
0,3,470,27,15,15,235,normal data
0,2,553,28,15,15,241,normal data
0,0,659,27,15,15,240,normal data
95,0,159,28,15,15,232,normal data
7994,7,878,28,15,15,237,normal data
0,2,650,27,14,15,240,normal data
206,3,756,28,15,15,237,normal data
0,3,473,27,15,15,235,normal data
0,2,557,28,15,15,241,normal data
0,0,662,27,15,15,240,normal data
95,0,160,28,15,15,231,normal data
7994,7,882,27,14,15,237,normal data
0,2,655,27,15,15,239,normal data
206,3,759,28,15,15,237,normal data
0,3,475,27,15,15,234,normal data
0,2,561,28,15,15,241,normal data
0,0,667,27,15,15,240,normal data
95,0,164,28,15,15,231,normal data
7994,7,885,27,14,15,237,normal data
0,2,660,27,15,15,239,normal data
206,3,762,28,15,15,237,normal data
0,3,478,27,15,15,234,normal data
0,2,563,28,15,15,241,normal data
0,0,673,27,14,15,240,normal data
95,0,165,28,15,15,232,normal data
7994,7,885,27,15,15,237,normal data
0,2,665,27,14,15,239,normal data
206,3,765,28,15,15,237,normal data
0,3,483,27,15,15,235,normal data
0,2,566,28,15,15,241,normal data
0,0,673,27,15,15,241,normal data
95,0,171,28,14,15,231,normal data
7994,7,889,27,15,15,237,normal data
0,2,667,27,15,15,240,normal data
206,3,771,28,15,15,237,normal data
0,3,484,27,15,15,234,normal data
0,2,567,28,15,15,241,normal data
0,0,683,27,13,15,241,normal data
95,0,175,28,15,15,231,normal data
7994,7,891,27,15,15,237,normal data
0,2,674,27,13,15,239,normal data
206,3,774,28,15,15,237,normal data
0,3,485,27,15,15,235,normal data
0,2,571,28,15,15,241,normal data
0,0,686,27,14,15,241,normal data
95,0,177,28,15,15,231,normal data
7994,7,892,27,15,15,237,normal data
0,2,679,27,15,15,238,normal data
206,3,776,28,15,15,237,normal data
0,3,487,27,15,15,235,normal data
0,2,573,28,15,15,241,normal data
0,0,691,27,15,15,240,normal data
95,0,184,28,15,15,232,normal data
7994,7,894,27,14,15,237,normal data
0,2,682,27,15,15,239,normal data
206,3,781,28,13,15,237,normal data
0,3,491,27,15,15,234,normal data
0,2,577,28,15,15,241,normal data
0,0,697,27,14,15,241,normal data
95,0,185,28,15,15,231,normal data
7994,7,894,27,15,15,237,normal data
0,2,685,27,15,15,239,normal data
206,3,783,28,15,15,237,normal data
0,3,495,27,15,15,235,normal data
0,2,579,28,15,15,241,normal data
0,0,704,27,15,15,240,normal data
95,0,185,28,15,15,231,normal data
7994,7,896,27,15,15,237,normal data
0,2,689,27,15,15,240,normal data
206,3,784,28,15,15,237,normal data
0,3,496,27,15,15,235,normal data
0,2,583,28,14,15,241,normal data
0,0,708,27,15,15,241,normal data
95,0,189,28,15,15,232,normal data
7994,7,898,27,15,15,237,normal data
0,2,692,27,15,15,239,normal data
206,3,785,28,15,15,237,normal data
0,3,496,27,15,15,234,normal data
0,2,587,28,15,15,241,normal data
0,0,713,27,15,15,241,normal data
95,0,192,28,15,15,232,normal data
7994,7,900,27,15,15,237,normal data
0,2,695,27,15,15,240,normal data
206,3,786,28,15,15,237,normal data
0,3,505,27,15,15,235,normal data
0,2,590,28,15,15,241,normal data
0,0,715,27,15,15,241,normal data
95,0,195,28,15,15,231,normal data
7994,7,906,27,13,15,237,normal data
0,2,697,27,15,15,239,normal data
206,3,790,28,14,15,237,normal data
0,3,507,27,15,15,235,normal data
0,2,590,28,15,15,241,normal data
0,0,717,27,15,15,240,normal data
95,0,197,28,15,15,232,normal data
7994,7,908,27,15,15,237,normal data
0,2,699,27,15,15,238,normal data
206,3,791,28,15,15,237,normal data
0,3,511,27,14,15,235,normal data
0,2,595,28,14,15,241,normal data
0,0,720,27,15,15,240,normal data
0,0,721,27,15,15,240,normal data
95,0,200,28,15,15,231,normal data
7994,7,912,27,14,15,237,normal data
0,2,700,27,15,15,239,normal data
206,3,795,28,15,15,237,normal data
0,3,514,27,15,15,234,normal data
0,2,600,28,15,15,241,normal data
0,0,722,27,15,15,240,normal data
95,0,207,28,14,15,231,normal data
7994,7,914,27,15,15,237,normal data
0,2,703,27,15,15,238,normal data
206,3,799,28,15,15,237,normal data
0,3,517,27,15,15,235,normal data
0,2,601,28,15,15,241,normal data
0,0,728,27,14,15,241,normal data
95,0,211,28,15,15,231,normal data
7994,7,915,27,15,15,237,normal data
0,2,705,27,15,15,240,normal data
206,3,805,28,14,15,237,normal data
0,3,521,27,14,15,235,normal data
0,2,606,28,15,15,241,normal data
0,0,734,27,14,15,241,normal data
95,0,213,28,15,15,231,normal data
7994,7,920,27,15,15,237,normal data
0,2,710,27,15,15,239,normal data
206,3,807,28,15,15,237,normal data
0,3,525,27,15,15,235,normal data
0,2,607,28,15,15,241,normal data
0,0,737,27,15,15,241,normal data
95,0,218,28,15,15,231,normal data
7994,7,921,27,15,15,237,normal data
0,2,714,27,15,15,239,normal data
206,3,809,28,15,15,237,normal data
0,3,530,27,15,15,235,normal data
0,2,615,28,15,15,241,normal data
0,0,744,27,13,15,241,normal data
95,0,220,27,15,15,231,normal data
7994,7,926,27,14,15,237,normal data
0,2,722,27,15,15,238,normal data
206,3,815,28,15,15,237,normal data
0,3,532,27,15,15,235,normal data
0,2,616,28,15,15,241,normal data
0,0,745,27,15,15,241,normal data
95,0,221,27,14,15,231,normal data
7994,7,927,27,15,15,237,normal data
0,2,726,27,14,15,239,normal data
206,3,817,28,15,15,237,normal data
0,3,538,27,15,15,235,normal data
0,2,619,28,15,15,241,normal data
0,0,748,27,15,15,241,normal data
95,0,225,27,15,15,232,normal data
7994,7,929,27,15,15,237,normal data
0,2,728,27,14,15,238,normal data
206,3,820,28,15,15,237,normal data
0,3,541,27,15,15,235,normal data
0,2,620,28,15,15,241,normal data
0,0,754,27,13,15,241,normal data
95,0,226,27,15,15,231,normal data
7994,7,930,27,15,15,237,normal data
0,2,730,27,15,15,240,normal data
206,3,827,28,15,15,237,normal data
0,3,543,27,15,15,235,normal data
0,2,620,28,15,15,241,normal data
0,0,762,27,15,15,241,normal data
95,0,227,27,15,15,231,normal data
7994,7,932,27,15,15,237,normal data
0,2,731,27,15,15,239,normal data
206,3,833,28,14,15,237,normal data
0,3,547,27,15,15,234,normal data
0,2,621,28,15,15,241,normal data
0,0,766,27,15,15,241,normal data
95,0,232,27,15,15,231,normal data
7994,7,934,27,15,15,237,normal data
0,2,733,27,15,15,239,normal data
206,3,838,28,15,15,237,normal data
0,3,549,27,15,15,235,normal data
0,2,628,28,14,15,241,normal data
0,0,775,27,14,15,241,normal data
95,0,234,27,15,15,232,normal data
7994,7,935,27,15,15,237,normal data
0,2,734,27,15,15,239,normal data
206,3,845,28,14,15,237,normal data
0,3,553,27,15,15,235,normal data
0,2,631,28,15,15,241,normal data
0,0,779,27,12,15,241,normal data
95,0,239,27,15,15,232,normal data
7994,7,937,27,15,15,237,normal data
0,2,738,27,15,15,239,normal data
206,3,850,28,15,15,237,normal data
0,3,560,27,13,15,235,normal data
0,2,633,28,15,15,241,normal data
0,0,784,27,15,15,241,normal data
95,0,241,27,15,15,232,normal data
7994,7,937,27,15,15,237,normal data
0,2,740,27,15,15,239,normal data
206,3,855,28,14,15,237,normal data
0,3,563,27,15,15,235,normal data
0,2,637,28,15,15,241,normal data
0,0,785,27,15,15,240,normal data
95,0,244,27,15,15,232,normal data
7994,7,940,27,15,15,237,normal data
0,2,742,27,15,15,239,normal data
206,3,860,28,15,15,237,normal data
0,3,566,27,15,15,235,normal data
0,2,642,28,15,15,241,normal data
0,0,786,27,15,15,240,normal data
95,0,246,27,15,15,232,normal data
95,0,247,27,15,15,232,normal data
7994,7,944,27,15,15,237,normal data
0,2,744,27,14,15,240,normal data
206,3,862,28,15,15,237,normal data
0,3,577,27,15,15,235,normal data
0,2,645,28,14,15,241,normal data
0,0,790,27,15,15,240,normal data
95,0,248,27,15,15,233,normal data
7994,7,949,27,15,15,237,normal data
0,2,746,27,15,15,240,normal data
206,3,867,28,13,15,237,normal data
0,3,580,27,15,15,235,normal data
0,2,648,28,15,15,241,normal data
0,0,795,27,15,15,240,normal data
95,0,251,27,15,15,233,normal data
7994,7,950,27,15,15,237,normal data
0,2,748,27,15,15,240,normal data
206,3,870,28,14,15,237,normal data
0,3,582,27,15,15,235,normal data
0,2,649,28,15,15,241,normal data
0,0,800,27,13,15,240,normal data
95,0,253,27,15,15,232,normal data
7994,7,953,27,15,15,237,normal data
0,2,751,27,15,15,238,normal data
206,3,875,28,15,15,237,normal data
0,3,584,27,15,15,235,normal data
0,2,651,28,15,15,241,normal data
0,0,805,27,14,15,240,normal data
95,0,255,27,15,15,232,normal data
7994,7,956,27,14,15,237,normal data
0,2,754,27,14,15,240,normal data
206,3,880,28,14,15,237,normal data
0,3,586,27,15,15,235,normal data
0,2,654,28,15,15,241,normal data
0,0,808,27,15,15,240,normal data
95,0,261,27,14,15,232,normal data
7994,7,956,27,15,15,237,normal data
0,2,758,27,15,15,239,normal data
206,3,885,28,15,15,237,normal data
0,3,591,27,15,15,235,normal data
0,2,659,28,15,15,241,normal data
0,0,815,27,15,15,241,normal data
95,0,266,27,14,15,233,normal data
7994,7,956,27,15,15,237,normal data
0,2,759,27,15,15,239,normal data
206,3,888,28,15,15,237,normal data
0,3,597,27,15,15,235,normal data
0,2,662,28,15,15,241,normal data
0,0,820,27,14,15,241,normal data
95,0,270,27,15,15,232,normal data
7994,7,956,27,15,15,237,normal data
0,2,761,27,15,15,239,normal data
206,3,890,28,15,15,237,normal data
0,3,601,27,15,15,235,normal data
0,2,666,28,13,15,241,normal data
0,0,826,27,15,15,241,normal data
95,0,275,27,15,15,232,normal data
7994,7,958,27,15,15,237,normal data
0,2,765,27,15,15,239,normal data
206,3,895,28,14,15,237,normal data
0,3,604,27,15,15,235,normal data
0,2,669,28,15,15,241,normal data
0,0,830,27,15,15,240,normal data
95,0,279,27,15,15,232,normal data
7994,7,962,27,14,15,237,normal data
0,2,768,27,15,15,239,normal data
206,3,896,28,15,15,237,normal data
0,3,605,27,15,15,235,normal data
0,2,673,28,15,15,241,normal data
0,0,833,27,15,15,241,normal data
95,0,281,27,15,15,233,normal data
7994,7,970,27,13,15,237,normal data
0,2,772,27,15,15,239,normal data
206,3,896,28,15,15,237,normal data
0,3,606,27,15,15,235,normal data
0,2,675,28,15,15,241,normal data
0,0,837,27,15,15,241,normal data
95,0,281,27,15,15,232,normal data
7994,7,975,27,15,15,237,normal data
0,2,780,27,13,15,239,normal data
206,3,907,28,15,15,237,normal data
0,3,612,26,13,15,235,normal data
0,2,682,28,15,15,241,normal data
0,0,842,27,15,15,240,normal data
95,0,284,27,15,15,233,normal data
7994,7,979,27,14,15,237,normal data
0,2,782,27,15,15,239,normal data
206,3,908,28,15,15,237,normal data
0,3,615,26,15,15,235,normal data
0,2,688,28,13,15,241,normal data
0,0,848,27,15,15,241,normal data
95,0,286,27,15,15,232,normal data
7994,7,985,27,15,15,236,normal data
0,2,789,27,15,15,239,normal data
206,3,910,28,15,15,237,normal data
0,3,621,26,15,15,235,normal data
0,2,693,28,14,15,241,normal data
0,0,851,27,15,15,240,normal data
95,0,290,27,15,15,233,normal data
7994,7,985,27,15,15,237,normal data
0,2,792,27,15,15,239,normal data
206,3,919,28,13,15,237,normal data
0,3,623,26,15,15,235,normal data
0,2,695,28,15,15,241,normal data
0,0,859,27,15,15,240,normal data
95,0,290,27,15,15,233,normal data
7994,7,986,27,15,15,236,normal data
0,2,796,27,15,15,239,normal data
206,3,924,28,13,15,237,normal data
0,3,624,26,15,15,235,normal data
0,2,700,28,13,15,241,normal data
0,0,860,27,15,15,241,normal data
95,0,292,27,15,15,232,normal data
7994,7,988,27,15,15,237,normal data
0,2,799,27,15,15,239,normal data
206,3,925,28,14,15,237,normal data
0,3,625,26,15,15,235,normal data
0,2,704,28,15,15,241,normal data
0,0,865,27,15,15,240,normal data
95,0,297,27,15,15,233,normal data
7994,7,993,27,15,15,237,normal data
0,2,804,27,15,15,240,normal data
206,3,936,28,14,15,237,normal data
0,3,630,26,15,15,235,normal data
0,2,705,28,15,15,241,normal data
0,0,866,27,15,15,241,normal data
95,0,300,27,15,15,232,normal data
7994,7,998,27,14,15,237,normal data
0,2,809,27,15,15,239,normal data
206,3,939,28,15,15,237,normal data
0,3,633,26,15,15,235,normal data
0,2,708,28,15,15,241,normal data
0,0,871,27,15,15,240,normal data
95,0,304,27,15,15,233,normal data
7994,7,1000,27,15,15,237,normal data
0,2,812,27,15,15,239,normal data
206,3,941,28,15,15,236,normal data
0,3,636,26,15,15,235,normal data
0,2,712,27,15,15,241,normal data
0,0,875,27,14,15,241,normal data
95,0,308,27,15,15,232,normal data
7994,7,1004,27,15,15,237,normal data
0,2,818,27,13,15,239,normal data
206,3,943,28,15,15,237,normal data
0,3,640,26,15,15,235,normal data
0,2,715,27,15,15,241,normal data
0,0,879,27,15,15,240,normal data
95,0,310,27,15,15,232,normal data
7994,7,1004,27,15,15,237,normal data
0,2,822,27,15,15,239,normal data
206,3,946,28,15,15,237,normal data
0,3,641,26,15,15,235,normal data
0,2,716,28,15,15,241,normal data
0,0,885,27,14,15,240,normal data
95,0,313,27,15,15,232,normal data
7994,7,1008,27,15,15,237,normal data
0,2,824,27,15,15,239,normal data
206,3,948,28,15,15,237,normal data
0,3,644,26,15,15,235,normal data
0,2,720,27,15,15,241,normal data
0,0,888,27,14,15,240,normal data
95,0,315,27,15,15,232,normal data
7994,7,1011,27,15,15,237,normal data
0,2,828,27,15,15,240,normal data
206,3,948,28,15,15,237,normal data
0,3,647,26,15,15,235,normal data
0,2,725,27,15,15,241,normal data
0,0,892,27,15,15,241,normal data
95,0,318,27,14,15,232,normal data
7994,7,1021,27,13,15,237,normal data
0,2,836,27,14,15,239,normal data
206,3,951,28,15,15,237,normal data
0,3,647,26,15,15,235,normal data
0,2,728,27,15,15,241,normal data
0,0,894,27,15,15,241,normal data
95,0,321,27,15,15,232,normal data
7994,7,1025,27,15,15,237,normal data
0,2,838,27,15,15,239,normal data
206,3,954,28,15,15,237,normal data
0,3,651,26,15,15,235,normal data
0,3,652,26,15,15,235,normal data
0,2,733,27,15,15,241,normal data
0,0,895,27,15,15,240,normal data
95,0,327,27,15,15,233,normal data
7994,7,1028,27,15,15,236,normal data
0,2,842,27,15,14,239,normal data
206,3,961,28,15,15,237,normal data
0,3,655,26,15,15,235,normal data
0,2,739,27,15,15,241,normal data
0,0,898,27,15,15,241,normal data
95,0,327,27,15,14,232,normal data
7994,7,1030,27,15,15,237,normal data
0,2,842,27,15,14,239,normal data
206,3,963,28,15,15,237,normal data
0,3,658,26,15,15,235,normal data
0,2,744,27,14,15,241,normal data
0,0,904,26,15,15,241,normal data
95,0,331,27,15,15,232,normal data
7994,7,1032,27,15,15,237,normal data
0,2,845,27,15,15,239,normal data
206,3,964,28,15,15,237,normal data
0,3,663,26,14,15,235,normal data
0,2,748,27,15,15,241,normal data
0,0,908,26,15,15,241,normal data
95,0,333,27,15,15,232,normal data
7994,7,1035,27,15,15,237,normal data
0,2,846,27,15,15,239,normal data
206,3,968,28,14,15,237,normal data
0,3,666,26,15,15,235,normal data
0,2,750,27,15,15,241,normal data
0,0,912,26,15,15,241,normal data
95,0,343,27,14,15,232,normal data
7994,7,1036,27,15,15,237,normal data
0,2,849,27,15,15,239,normal data
206,3,973,28,15,15,235,normal data
0,3,669,26,15,15,235,normal data
0,2,754,27,15,15,241,normal data
0,0,913,26,15,15,240,normal data
95,0,345,27,15,15,233,normal data
7994,7,1036,27,15,15,237,normal data
0,2,851,27,14,15,239,normal data
206,3,981,28,13,15,237,normal data
0,3,671,26,15,15,235,normal data
0,2,755,27,15,15,241,normal data
0,0,915,26,15,15,240,normal data
95,0,350,27,15,15,232,normal data
7994,7,1039,27,14,15,237,normal data
0,2,853,27,15,15,239,normal data
206,3,987,28,14,15,237,normal data
0,3,673,26,15,15,235,normal data
0,2,763,27,15,15,241,normal data
0,0,918,26,14,15,241,normal data
95,0,352,27,15,15,233,normal data
7994,7,1039,27,15,15,237,normal data
0,2,854,27,15,15,239,normal data
206,3,989,28,15,15,237,normal data
0,3,674,26,15,15,235,normal data
0,2,765,27,15,15,241,normal data
0,0,921,26,14,15,240,normal data
95,0,353,27,15,15,233,normal data
7994,7,1040,27,15,15,237,normal data
0,2,856,27,15,15,239,normal data
206,3,990,28,15,15,237,normal data
0,3,675,26,15,15,235,normal data
0,2,772,27,14,15,241,normal data
0,0,923,26,15,15,240,normal data
95,0,354,27,15,15,233,normal data
7994,7,1042,27,15,15,237,normal data
0,2,862,27,15,15,239,normal data
206,3,994,28,15,15,237,normal data
0,3,680,26,15,15,235,normal data
0,2,775,27,15,15,241,normal data
0,0,926,26,15,15,241,normal data
95,0,355,27,15,15,233,normal data
7994,7,1043,27,15,15,237,normal data
0,2,865,27,15,15,239,normal data
206,3,997,28,15,15,237,normal data
0,3,682,26,14,15,235,normal data
0,2,781,27,15,15,241,normal data
0,0,927,26,15,15,240,normal data
95,0,357,27,15,15,232,normal data
7994,7,1046,27,13,15,237,normal data
0,2,866,27,15,15,239,normal data
206,3,1000,27,15,15,237,normal data
0,3,682,26,15,15,235,normal data
0,2,785,27,14,15,241,normal data
0,0,934,26,15,15,240,normal data
95,0,361,27,14,15,231,normal data
7994,7,1048,27,15,15,237,normal data
0,2,869,27,15,15,239,normal data
206,3,1006,27,15,15,237,normal data
0,3,684,26,15,15,235,normal data
0,2,793,27,15,15,241,normal data
0,0,941,26,15,15,240,normal data
95,0,363,27,15,15,231,normal data
7994,7,1056,27,15,15,237,normal data
0,2,874,27,15,15,239,normal data
206,3,1008,27,15,15,238,normal data
0,3,687,26,15,15,233,normal data
0,2,794,27,15,15,241,normal data
0,0,944,26,15,15,241,normal data
95,0,364,27,15,15,231,normal data
7994,7,1057,27,15,15,237,normal data
0,2,877,27,15,15,240,normal data
206,3,1009,27,15,15,237,normal data
0,3,690,26,15,15,235,normal data
0,2,796,27,15,15,241,normal data
0,0,948,26,14,15,241,normal data
95,0,366,27,15,15,231,normal data
7994,7,1059,27,15,15,240,normal data
0,2,881,27,15,15,242,normal data
206,3,1015,27,15,15,227,normal data
0,3,695,26,15,15,233,normal data
0,2,797,27,15,15,241,normal data
0,0,948,26,15,15,240,normal data
95,0,366,27,15,15,228,normal data
7994,7,1061,27,15,15,240,normal data
0,2,882,27,15,15,242,normal data
206,3,1017,27,15,15,238,normal data
0,3,698,26,15,15,230,normal data
0,2,798,27,15,15,237,normal data
0,0,951,26,15,15,239,normal data
95,0,367,27,15,15,231,normal data
7994,7,1062,27,15,15,240,normal data
0,2,886,27,14,15,242,normal data
206,3,1021,27,15,15,237,normal data
0,3,698,26,15,15,235,normal data
0,2,801,27,15,15,237,normal data
0,0,952,26,15,15,240,normal data
95,0,368,27,15,15,227,normal data
7994,7,1065,27,15,15,238,normal data
0,2,891,27,15,15,241,normal data
206,3,1023,27,14,15,236,normal data
0,3,702,26,15,15,233,normal data
0,2,804,27,15,15,237,normal data
0,0,954,26,15,15,239,normal data
95,0,372,27,15,15,233,normal data
7994,7,1073,27,12,15,239,normal data
0,2,895,26,15,15,239,normal data
206,3,1029,27,13,15,236,normal data
0,3,707,26,15,15,234,normal data
0,2,805,27,15,15,237,normal data
0,0,957,26,15,15,241,normal data
95,0,374,27,15,15,233,normal data
7994,7,1076,27,15,15,237,normal data
0,2,896,26,15,15,239,normal data
206,3,1031,27,15,15,235,normal data
0,3,707,26,15,15,234,normal data
0,2,812,27,14,15,237,normal data
0,0,959,26,15,15,240,normal data
95,0,379,27,15,15,233,normal data
7994,7,1078,27,15,15,237,normal data
0,2,900,26,15,15,239,normal data
206,3,1034,27,15,15,234,normal data
0,3,710,26,15,15,234,normal data
0,2,813,27,15,15,237,normal data
0,0,963,26,15,15,240,normal data
95,0,384,27,15,15,233,normal data
7994,7,1084,27,15,15,236,normal data
0,2,903,26,15,15,239,normal data
206,3,1040,27,14,15,234,normal data
0,3,712,26,15,15,234,normal data
0,2,821,27,14,15,237,normal data
0,0,965,26,15,15,240,normal data
95,0,386,27,15,15,233,normal data
7994,7,1086,27,15,15,237,normal data
0,2,908,26,15,15,239,normal data
206,3,1044,27,15,15,233,normal data
0,3,718,26,15,15,234,normal data
0,2,821,27,15,15,237,normal data
0,0,970,26,15,15,240,normal data
95,0,388,27,15,14,233,normal data
7994,7,1091,27,15,15,237,normal data
0,2,909,26,15,15,240,normal data
206,3,1051,27,14,15,234,normal data
0,3,720,26,15,15,234,normal data
0,2,826,27,15,14,237,normal data
0,0,973,26,15,15,240,normal data
95,0,395,27,14,15,233,normal data
7994,7,1095,27,15,15,237,normal data
0,2,910,26,15,15,239,normal data
206,3,1060,27,15,14,235,normal data
0,3,721,26,15,15,233,normal data
0,2,829,27,15,15,237,normal data
0,0,977,26,14,15,240,normal data
95,0,397,27,15,15,233,normal data
7994,7,1098,27,15,15,237,normal data
0,2,914,26,15,15,239,normal data
206,3,1063,27,15,15,234,normal data
0,3,725,26,15,15,234,normal data
0,2,830,27,15,15,237,normal data
0,0,978,26,15,15,240,normal data
95,0,398,27,15,15,233,normal data
7994,7,1098,27,15,15,237,normal data
0,2,916,26,15,15,239,normal data
206,3,1066,27,15,15,234,normal data
0,3,726,26,15,15,234,normal data
0,2,835,27,15,15,237,normal data
0,0,978,26,15,15,240,normal data
95,0,399,27,15,15,233,normal data
7994,7,1100,27,15,15,237,normal data
0,2,916,26,15,15,239,normal data
206,3,1069,27,14,15,234,normal data
0,3,726,26,15,15,234,normal data
0,2,838,27,15,15,237,normal data
0,0,981,26,15,15,240,normal data
95,0,402,27,14,15,233,normal data
7994,7,1101,27,15,15,237,normal data
0,2,918,26,15,15,239,normal data
206,3,1074,27,15,15,234,normal data
0,3,727,26,15,15,234,normal data
0,2,843,27,15,15,237,normal data
0,0,983,26,15,15,239,normal data
95,0,405,27,15,15,233,normal data
7994,7,1104,27,15,15,237,normal data
0,2,923,26,14,15,239,normal data
206,3,1075,27,15,15,234,normal data
0,3,729,26,15,15,234,normal data
0,2,846,27,15,15,237,normal data
0,0,994,26,12,15,240,normal data
95,0,407,27,15,15,233,normal data
7994,7,1107,27,15,15,237,normal data
0,2,926,26,15,15,239,normal data
206,3,1079,27,15,15,234,normal data
0,3,731,26,15,15,234,normal data
0,2,848,27,15,15,237,normal data
0,0,995,26,15,15,239,normal data
95,0,409,27,15,15,233,normal data
7994,7,1108,27,15,15,237,normal data
0,2,928,26,15,15,238,normal data
206,3,1083,27,14,14,234,normal data
0,3,733,26,15,14,235,normal data
0,2,852,27,15,15,237,normal data
0,0,997,26,15,15,240,normal data
95,0,411,27,14,14,233,normal data
7994,7,1118,27,14,15,237,normal data
0,2,935,26,15,15,238,normal data
206,3,1088,27,15,15,234,normal data
0,3,738,26,15,15,234,normal data
0,2,855,27,15,14,237,normal data
0,0,1000,26,15,15,240,normal data
95,0,416,27,15,15,233,normal data
7994,7,1120,27,15,15,237,normal data
0,2,937,26,15,15,239,normal data
206,3,1091,27,15,15,234,normal data
0,3,738,26,15,15,234,normal data
0,2,859,27,15,15,237,normal data
0,0,1001,26,15,15,240,normal data
95,0,416,27,15,15,233,normal data
7994,7,1122,27,15,15,237,normal data
0,2,939,26,15,15,239,normal data
206,3,1096,27,14,15,234,normal data
0,3,739,26,15,15,235,normal data
0,2,864,27,15,15,237,normal data
0,0,1003,26,15,15,240,normal data
95,0,420,27,15,15,233,normal data
7994,7,1124,27,15,15,237,normal data
0,2,944,26,15,15,240,normal data
206,3,1099,27,15,15,233,normal data
0,3,741,26,14,15,234,normal data
0,2,868,27,15,15,237,normal data
0,0,1008,26,15,15,240,normal data
95,0,421,27,15,15,233,normal data
7994,7,1126,27,15,15,237,normal data
0,2,947,26,15,15,239,normal data
206,3,1102,27,15,15,234,normal data
0,3,742,26,15,15,234,normal data
0,2,874,27,15,15,237,normal data
0,0,1012,26,15,15,240,normal data
95,0,427,27,15,15,233,normal data
95,0,428,27,15,15,233,normal data
7994,7,1129,27,15,15,237,normal data
0,2,950,26,15,15,239,normal data
206,3,1102,27,15,15,234,normal data
0,3,744,26,15,15,234,normal data
0,2,877,27,15,15,237,normal data
0,0,1014,26,15,15,239,normal data
95,0,429,27,15,15,233,normal data
7994,7,1131,27,15,15,237,normal data
0,2,951,26,15,15,239,normal data
206,3,1105,27,15,15,234,normal data
0,3,749,26,15,15,234,normal data
0,2,883,27,15,15,237,normal data
0,0,1020,26,15,15,240,normal data
95,0,433,27,14,15,233,normal data
7994,7,1139,27,15,15,237,normal data
0,2,956,26,14,15,239,normal data
206,3,1107,27,15,15,235,normal data
0,3,751,26,14,15,234,normal data
0,2,888,27,14,15,237,normal data
0,0,1023,26,15,15,240,normal data
95,0,435,27,15,15,233,normal data
7994,7,1142,27,15,15,237,normal data
0,2,956,26,15,15,239,normal data
206,3,1115,27,15,15,234,normal data
0,3,753,26,14,15,234,normal data
0,2,889,27,15,15,237,normal data
0,0,1023,26,15,15,240,normal data
95,0,438,27,15,15,232,normal data
7994,7,1143,27,15,15,237,normal data
0,2,959,26,15,15,239,normal data
206,3,1119,27,15,15,234,normal data
0,3,754,26,15,15,234,normal data
0,2,892,27,15,15,237,normal data
0,0,1024,26,15,15,240,normal data
95,0,439,27,15,15,233,normal data
7994,7,1148,27,15,15,237,normal data
0,2,961,26,15,15,239,normal data
206,3,1120,27,15,15,233,normal data
0,3,756,26,15,15,234,normal data
0,2,894,27,15,15,237,normal data
0,0,1027,26,15,15,240,normal data
95,0,439,27,15,15,233,normal data
7994,7,1151,27,15,15,237,normal data
0,2,967,26,15,15,239,normal data
206,3,1125,27,15,15,234,normal data
0,3,758,26,15,15,234,normal data
0,2,897,27,15,15,237,normal data
0,0,1027,26,15,15,239,normal data
95,0,443,27,15,15,233,normal data
7994,7,1155,27,15,15,237,normal data
0,2,968,26,15,15,239,normal data
206,3,1130,27,15,15,233,normal data
0,3,758,26,15,15,234,normal data
0,2,898,27,15,15,237,normal data
0,0,1027,26,15,15,240,normal data
95,0,444,27,15,15,233,normal data
7994,7,1157,26,15,15,237,normal data
0,2,973,26,15,15,239,normal data
206,3,1134,27,14,15,233,normal data
0,3,761,26,15,15,234,normal data
0,2,901,27,15,15,237,normal data
0,0,1029,26,15,15,240,normal data
95,0,446,27,15,15,232,normal data
7994,7,1159,26,15,15,237,normal data
0,2,980,26,15,15,239,normal data
206,3,1139,27,15,15,234,normal data
0,3,766,26,15,15,234,normal data
0,2,904,27,14,15,237,normal data
0,0,1031,26,15,15,240,normal data
95,0,452,27,15,15,233,normal data
7994,7,1161,26,15,15,237,normal data
0,2,985,26,13,15,239,normal data
206,3,1145,27,15,15,234,normal data
0,3,767,26,15,15,234,normal data
0,2,908,27,15,15,237,normal data
0,0,1033,26,15,15,240,normal data
95,0,457,27,14,15,233,normal data
7994,7,1161,26,15,15,237,normal data
0,2,993,26,15,15,239,normal data
206,3,1149,27,15,15,234,normal data
0,3,768,26,15,15,234,normal data
0,2,911,27,15,15,237,normal data
0,0,1036,26,15,15,240,normal data
95,0,459,27,15,15,233,normal data
7994,7,1168,26,15,15,237,normal data
0,2,994,26,15,15,239,normal data
206,3,1153,27,15,15,234,normal data
0,3,771,26,15,15,234,normal data
0,2,921,27,14,15,237,normal data
0,0,1039,26,15,15,240,normal data
95,0,466,27,15,15,232,normal data
7994,7,1171,26,15,15,237,normal data
0,2,996,26,15,15,239,normal data
206,3,1157,27,15,15,234,normal data
0,3,775,26,15,15,234,normal data
0,2,924,27,15,15,237,normal data
0,0,1044,26,14,15,240,normal data
95,0,469,27,15,15,233,normal data
7994,7,1174,26,15,15,237,normal data
0,2,996,26,15,15,238,normal data
206,3,1163,27,15,15,234,normal data
0,3,776,26,15,15,234,normal data
0,2,928,27,15,15,237,normal data
0,0,1049,26,15,15,240,normal data
95,0,470,27,15,15,233,normal data
7994,7,1174,26,15,15,237,normal data
0,2,998,26,15,15,239,normal data
206,3,1164,27,15,15,234,normal data
0,3,779,26,15,15,234,normal data
0,2,931,27,15,15,237,normal data
0,0,1053,26,15,15,240,normal data
95,0,478,27,14,14,233,normal data
7994,7,1180,26,15,15,237,normal data
0,2,1003,26,15,15,238,normal data
206,3,1166,27,15,15,234,normal data
0,3,783,26,15,15,234,normal data
0,2,935,27,14,14,237,normal data
0,0,1055,26,15,14,240,normal data
95,0,484,27,15,14,233,normal data
7994,7,1181,26,15,15,237,normal data
0,2,1006,26,15,15,239,normal data
206,3,1174,27,14,15,234,normal data
0,3,791,26,14,14,234,normal data
0,2,935,27,15,14,237,normal data
0,0,1058,26,15,15,240,normal data
95,0,487,27,15,15,233,normal data
7994,7,1184,26,15,15,237,normal data
0,2,1010,26,14,15,239,normal data
206,3,1177,27,15,15,234,normal data
0,3,792,26,15,15,234,normal data
0,2,938,27,15,14,237,normal data
0,0,1061,26,15,15,240,normal data
95,0,487,27,15,15,233,normal data
7994,7,1184,26,15,15,237,normal data
0,2,1016,26,15,15,239,normal data
206,3,1182,27,15,15,234,normal data
0,3,793,26,15,15,234,normal data
0,2,943,27,14,15,237,normal data
0,0,1062,26,15,15,240,normal data
95,0,496,27,13,15,233,normal data
7994,7,1186,26,15,15,237,normal data
0,2,1020,26,14,15,239,normal data
206,3,1188,27,15,15,234,normal data
0,3,794,26,15,15,234,normal data
0,2,946,27,15,15,237,normal data
0,0,1066,26,15,15,240,normal data
95,0,498,27,15,15,233,normal data
7994,7,1190,26,13,15,237,normal data
0,2,1020,26,15,15,239,normal data
206,3,1193,27,14,15,234,normal data
0,3,795,26,15,15,234,normal data
0,2,949,27,15,15,237,normal data
0,0,1066,26,15,15,240,normal data
95,0,502,27,15,15,233,normal data
7994,7,1191,26,15,15,237,normal data
0,2,1023,26,14,15,238,normal data
206,3,1194,27,15,15,234,normal data
0,3,796,26,15,15,233,normal data
0,2,952,27,15,15,237,normal data
0,0,1068,26,15,15,240,normal data
95,0,505,27,15,15,232,normal data
7994,7,1193,26,15,15,237,normal data
0,2,1025,26,14,15,239,normal data
206,3,1202,27,15,15,234,normal data
0,3,796,26,15,15,233,normal data
0,2,957,27,15,15,237,normal data
0,0,1070,26,14,15,240,normal data
95,0,512,27,15,15,233,normal data
7994,7,1196,26,15,15,237,normal data
0,2,1026,26,15,15,239,normal data
206,3,1202,27,15,15,234,normal data
0,3,797,26,15,15,234,normal data
0,2,964,27,13,15,237,normal data
0,0,1073,26,14,15,240,normal data
95,0,514,27,15,15,233,normal data
7994,7,1201,26,14,15,237,normal data
0,2,1027,26,15,15,239,normal data
206,3,1204,27,15,15,234,normal data
0,3,800,26,15,15,234,normal data
0,2,965,27,15,15,237,normal data
0,0,1077,26,15,15,240,normal data
95,0,516,27,15,15,233,normal data
7994,7,1202,26,15,15,237,normal data
0,2,1030,26,15,15,239,normal data
206,3,1212,27,15,15,234,normal data
0,3,803,26,14,15,234,normal data
0,2,969,27,15,15,237,normal data
0,0,1079,26,15,15,240,normal data
95,0,519,27,15,15,233,normal data
7994,7,1205,26,15,15,237,normal data
0,2,1033,26,15,15,239,normal data
206,3,1217,27,15,15,234,normal data
0,3,806,26,14,15,234,normal data
0,2,972,27,15,15,237,normal data
0,0,1080,26,15,15,240,normal data
95,0,519,27,15,15,233,normal data
7994,7,1205,26,15,15,237,normal data
0,2,1037,26,15,15,239,normal data
206,3,1224,27,14,15,234,normal data
0,3,807,26,15,15,234,normal data
0,2,977,27,14,15,237,normal data
0,0,1081,26,15,15,240,normal data
95,0,521,27,15,15,233,normal data
7994,7,1206,26,15,15,237,normal data
0,2,1037,26,15,15,239,normal data
206,3,1233,27,15,15,234,normal data
0,3,815,26,13,15,233,normal data
0,2,979,27,15,15,237,normal data
0,0,1086,26,14,15,240,normal data
95,0,525,27,15,15,233,normal data
7994,7,1210,26,14,15,237,normal data
0,2,1041,26,15,15,239,normal data
206,3,1237,27,14,15,233,normal data
0,3,817,26,15,15,234,normal data
0,2,980,27,15,15,237,normal data
0,0,1090,26,15,15,240,normal data
95,0,525,27,15,15,233,normal data
7994,7,1212,26,15,15,237,normal data
0,2,1047,26,14,15,239,normal data
206,3,1241,27,13,15,234,normal data
0,3,819,26,15,15,234,normal data
0,2,986,27,15,15,237,normal data
0,0,1092,26,15,15,240,normal data
95,0,529,27,14,15,232,normal data
7994,7,1213,26,15,15,237,normal data
0,2,1048,26,15,15,239,normal data
206,3,1251,27,15,15,233,normal data
0,3,821,26,15,15,234,normal data
0,2,990,27,15,15,237,normal data
0,0,1094,26,15,15,240,normal data
95,0,532,27,15,15,232,normal data
7994,7,1216,26,15,15,237,normal data
0,2,1049,26,15,15,239,normal data
206,3,1254,27,15,15,233,normal data
0,3,822,26,15,15,234,normal data
0,2,993,27,15,15,237,normal data
0,0,1102,26,11,15,240,normal data
95,0,535,27,15,15,232,normal data
7994,7,1219,26,15,15,237,normal data
0,2,1052,26,15,15,239,normal data
206,3,1260,27,15,15,233,normal data
0,3,822,26,15,15,234,normal data
0,2,996,27,14,15,237,normal data
0,0,1107,26,14,15,241,normal data
95,0,537,27,15,15,233,normal data
7994,7,1221,26,15,15,237,normal data
0,2,1053,26,15,15,239,normal data
206,3,1267,27,15,15,233,normal data
0,3,822,26,15,15,234,normal data
0,2,1005,27,15,15,237,normal data
0,0,1116,26,15,15,240,normal data
95,0,542,27,15,15,233,normal data
7994,7,1224,26,15,15,237,normal data
0,2,1056,26,15,15,239,normal data
206,3,1272,27,15,15,233,normal data
0,3,826,26,15,15,234,normal data
0,2,1009,27,15,15,237,normal data
0,0,1117,26,15,15,241,normal data
95,0,544,27,15,15,232,normal data
7994,7,1228,26,15,15,237,normal data
0,2,1059,26,15,15,239,normal data
206,3,1276,27,15,15,233,normal data
0,3,829,26,15,15,234,normal data
0,2,1017,27,15,15,237,normal data
0,0,1122,26,15,15,240,normal data
95,0,545,27,15,15,233,normal data
7994,7,1230,26,15,15,237,normal data
0,2,1061,26,15,15,239,normal data
206,3,1281,27,15,15,233,normal data
0,3,831,26,15,15,234,normal data
0,2,1023,27,15,15,237,normal data
0,0,1124,26,15,15,240,normal data
95,0,549,27,15,15,233,normal data
7994,7,1234,26,15,15,237,normal data
0,2,1071,26,14,15,239,normal data
206,3,1289,27,15,15,233,normal data
0,3,832,26,15,15,234,normal data
0,2,1038,27,12,15,237,normal data
0,0,1124,26,15,15,241,normal data
95,0,553,27,15,15,232,normal data
7994,7,1239,26,15,15,237,normal data
0,2,1076,26,15,15,239,normal data
206,3,1290,27,15,15,234,normal data
0,3,837,26,15,15,234,normal data
0,2,1042,27,15,15,237,normal data
0,0,1128,26,15,15,241,normal data
95,0,556,27,15,15,233,normal data
7994,7,1240,26,15,15,237,normal data
0,2,1080,26,15,15,238,normal data
206,3,1294,27,15,14,234,normal data
0,3,838,26,15,15,234,normal data
0,2,1045,27,15,15,237,normal data
0,0,1131,26,15,15,240,normal data
95,0,560,27,15,15,233,normal data
7994,7,1243,26,14,15,237,normal data
0,2,1080,26,15,15,239,normal data
206,3,1299,27,15,15,234,normal data
0,3,840,26,15,15,234,normal data
0,2,1049,27,15,15,237,normal data
0,0,1140,26,15,15,240,normal data
95,0,562,27,15,15,232,normal data
7994,7,1246,26,15,15,237,normal data
0,2,1081,26,15,15,239,normal data
206,3,1303,27,13,15,233,normal data
0,3,844,26,15,15,233,normal data
0,2,1051,27,15,15,237,normal data
0,0,1143,26,15,15,240,normal data
95,0,563,27,15,15,232,normal data
7994,7,1247,26,15,15,237,normal data
0,2,1090,26,12,15,239,normal data
206,3,1304,27,15,15,233,normal data
0,3,847,26,15,15,233,normal data
0,2,1054,27,15,15,237,normal data
0,0,1145,26,15,15,241,normal data
95,0,565,27,15,15,232,normal data
7994,7,1248,26,15,15,237,normal data
0,2,1091,26,15,15,239,normal data
206,3,1307,27,15,15,234,normal data
0,3,848,26,15,15,234,normal data
0,2,1057,27,15,15,237,normal data
0,0,1149,26,15,15,241,normal data
95,0,568,27,15,15,232,normal data
7994,7,1250,26,15,15,237,normal data
0,2,1095,26,15,15,239,normal data
206,3,1308,27,15,15,234,normal data
0,3,848,26,15,15,234,normal data
0,2,1065,27,13,15,237,normal data
0,0,1152,26,14,15,240,normal data
95,0,573,26,15,15,232,normal data
7994,7,1251,26,15,15,237,normal data
0,2,1097,26,15,15,239,normal data
206,3,1312,27,15,15,234,normal data
0,3,849,26,15,15,233,normal data
0,2,1067,27,15,15,237,normal data
0,0,1154,26,15,15,241,normal data
95,0,575,26,15,15,232,normal data
7994,7,1252,26,15,15,237,normal data
0,2,1103,26,15,15,239,normal data
206,3,1317,27,15,15,234,normal data
0,3,849,26,15,15,234,normal data
0,2,1071,27,14,15,237,normal data
0,0,1155,26,15,15,240,normal data
95,0,578,26,15,15,232,normal data
7994,7,1253,26,15,15,237,normal data
0,2,1106,26,15,15,239,normal data
206,3,1319,27,15,15,234,normal data
0,3,851,26,15,15,234,normal data
0,2,1074,27,15,15,237,normal data
0,0,1157,26,15,15,241,normal data
95,0,583,26,15,15,232,normal data
7994,7,1255,26,15,15,237,normal data
0,2,1110,26,14,15,239,normal data
206,3,1326,27,15,15,234,normal data
0,3,852,26,15,15,233,normal data
0,2,1076,27,15,15,237,normal data
0,0,1157,26,15,15,240,normal data
95,0,583,26,15,15,232,normal data
7994,7,1257,26,15,15,237,normal data
0,2,1116,26,14,15,239,normal data
206,3,1328,27,15,15,234,normal data
0,3,856,26,15,15,233,normal data
0,2,1078,27,15,15,237,normal data
0,0,1160,26,15,15,240,normal data
95,0,587,26,15,15,232,normal data
7994,7,1264,26,15,15,237,normal data
0,2,1117,26,15,15,239,normal data
206,3,1329,27,15,15,234,normal data
0,3,856,26,15,15,234,normal data
0,2,1082,27,15,15,237,normal data
0,0,1161,26,15,15,240,normal data
95,0,587,26,15,15,232,normal data
7994,7,1266,26,14,15,237,normal data
0,2,1121,26,15,15,239,normal data
206,3,1332,27,15,15,234,normal data
0,3,858,26,15,15,233,normal data
0,2,1086,27,15,15,237,normal data
0,0,1163,26,15,15,240,normal data
95,0,588,26,15,15,232,normal data
7994,7,1270,26,15,15,237,normal data
0,2,1124,26,14,15,239,normal data
206,3,1333,27,15,15,234,normal data
0,3,859,26,15,15,234,normal data
0,2,1087,27,15,15,237,normal data
0,0,1168,26,14,15,240,normal data
95,0,589,26,15,15,232,normal data
7994,7,1272,26,15,15,237,normal data
0,2,1126,26,15,15,239,normal data
206,3,1339,27,15,15,234,normal data
0,3,860,26,15,15,233,normal data
0,2,1092,27,14,15,237,normal data
0,0,1168,26,15,15,240,normal data
95,0,594,26,15,15,232,normal data
7994,7,1277,26,15,15,237,normal data
0,2,1130,26,15,15,239,normal data
206,3,1342,27,15,15,234,normal data
0,3,861,26,15,15,233,normal data
0,3,862,26,15,15,233,normal data
0,2,1095,27,15,15,237,normal data
0,0,1168,26,15,15,240,normal data
95,0,596,26,15,15,232,normal data
7994,7,1278,26,15,15,237,normal data
0,2,1133,26,15,15,239,normal data
206,3,1350,27,13,15,234,normal data
0,3,862,26,15,15,233,normal data
0,2,1100,27,15,15,237,normal data
0,0,1170,26,15,15,240,normal data
95,0,599,26,15,15,232,normal data
7994,7,1280,26,15,15,237,normal data
0,2,1134,26,15,15,239,normal data
206,3,1351,27,15,15,234,normal data
0,3,863,26,15,15,234,normal data
0,2,1106,27,14,15,237,normal data
0,0,1170,26,15,15,240,normal data
95,0,600,26,15,15,232,normal data
7994,7,1285,26,15,15,237,normal data
0,2,1138,26,15,15,239,normal data
206,3,1360,27,15,15,234,normal data
0,3,863,26,15,15,234,normal data
0,2,1108,27,15,15,237,normal data
0,0,1175,26,13,15,240,normal data
95,0,601,26,15,15,232,normal data
7994,7,1289,26,15,15,237,normal data
0,2,1139,26,15,15,239,normal data
206,3,1363,27,15,15,234,normal data
0,3,864,26,15,15,234,normal data
0,2,1113,27,15,15,237,normal data
0,0,1176,26,15,15,240,normal data
95,0,607,26,15,14,232,normal data
7994,7,1292,26,15,15,237,normal data
0,2,1145,26,15,15,239,normal data
206,3,1364,27,15,14,233,normal data
0,3,866,26,15,15,234,normal data
0,2,1121,27,15,14,237,normal data
0,0,1179,26,15,15,240,normal data
95,0,610,26,15,14,232,normal data
7994,7,1295,26,15,15,237,normal data
0,2,1152,26,14,15,239,normal data
206,3,1368,27,15,14,234,normal data
0,3,868,26,15,15,233,normal data
0,2,1123,27,15,15,237,normal data
0,0,1182,26,15,15,240,normal data
95,0,612,26,15,15,232,normal data
7994,7,1298,26,15,15,237,normal data
0,2,1154,26,15,15,239,normal data
206,3,1377,27,13,15,233,normal data
0,3,872,26,15,15,234,normal data
0,2,1125,27,15,15,237,normal data
0,0,1185,26,15,15,240,normal data
95,0,616,26,15,15,232,normal data
7994,7,1304,26,15,15,237,normal data
0,2,1156,26,15,15,239,normal data
206,3,1382,27,15,15,233,normal data
0,3,874,26,15,15,234,normal data
0,2,1127,27,15,15,237,normal data
0,0,1188,26,15,15,240,normal data
95,0,617,26,15,15,232,normal data
7994,7,1307,26,15,15,237,normal data
0,2,1159,26,15,15,239,normal data
206,3,1386,27,15,15,234,normal data
0,3,883,26,14,15,233,normal data
0,2,1130,27,15,15,237,normal data
0,0,1195,26,15,15,240,normal data
95,0,620,26,15,15,232,normal data
7994,7,1311,26,14,15,237,normal data
0,2,1164,26,15,15,239,normal data
206,3,1395,27,13,15,234,normal data
0,3,884,26,15,15,234,normal data
0,2,1133,27,15,15,237,normal data
0,0,1198,26,15,15,240,normal data
95,0,624,26,15,15,232,normal data
7994,7,1315,26,15,15,237,normal data
0,2,1165,26,15,15,239,normal data
206,3,1396,27,15,15,234,normal data
0,3,888,26,15,15,233,normal data
0,2,1138,27,15,15,237,normal data
0,0,1201,26,15,15,240,normal data
95,0,628,26,15,15,232,normal data
7994,7,1315,26,15,15,237,normal data
0,2,1170,26,14,15,239,normal data
206,3,1400,27,15,15,234,normal data
0,3,890,26,15,15,233,normal data
0,2,1141,27,14,15,237,normal data
0,0,1206,26,13,15,240,normal data
95,0,633,26,15,15,232,normal data
7994,7,1320,26,15,15,237,normal data
0,2,1172,26,15,15,239,normal data
206,3,1406,27,13,15,234,normal data
0,3,894,26,14,15,233,normal data
0,2,1143,27,15,15,237,normal data
0,0,1212,26,15,15,240,normal data
95,0,635,26,15,15,232,normal data
7994,7,1321,26,15,15,237,normal data
0,2,1174,26,15,15,239,normal data
206,3,1416,27,11,15,234,normal data
0,3,895,26,15,15,233,normal data
0,2,1146,27,15,15,237,normal data
0,0,1215,26,15,15,240,normal data
95,0,640,26,15,15,232,normal data
7994,7,1326,26,14,15,237,normal data
0,2,1177,26,15,15,239,normal data
206,3,1419,27,15,15,234,normal data
0,3,896,26,15,15,233,normal data
0,2,1148,27,14,15,237,normal data
0,0,1219,26,15,15,240,normal data
95,0,640,26,15,15,232,normal data
7994,7,1328,26,15,15,237,normal data
0,2,1188,26,13,15,239,normal data
206,3,1426,27,15,15,234,normal data
0,3,905,26,14,15,233,normal data
0,2,1152,27,15,15,237,normal data
0,0,1229,26,15,15,240,normal data
95,0,643,26,15,15,232,normal data
7994,7,1332,26,15,15,237,normal data
0,2,1190,26,15,15,239,normal data
206,3,1432,27,14,15,234,normal data
0,3,910,26,15,15,233,normal data
0,2,1160,27,15,15,237,normal data
0,0,1230,26,15,15,240,normal data
95,0,644,26,15,15,232,normal data
7994,7,1337,26,15,15,237,normal data
0,2,1191,26,15,15,239,normal data
206,3,1438,27,15,15,234,normal data
0,3,912,26,15,15,233,normal data
0,2,1166,27,15,15,237,normal data
0,0,1231,26,15,15,240,normal data
95,0,651,26,15,15,232,normal data
7994,7,1340,26,15,15,237,normal data
0,2,1196,26,15,15,239,normal data
206,3,1439,27,15,15,234,normal data
0,3,913,26,15,15,234,normal data
0,2,1171,27,14,15,237,normal data
0,0,1235,26,15,15,240,normal data
95,0,654,26,15,15,232,normal data
7994,7,1341,26,15,15,237,normal data
0,2,1198,26,15,15,239,normal data
206,3,1444,27,15,15,233,normal data
0,3,914,26,15,15,234,normal data
0,2,1173,27,15,15,237,normal data
0,0,1237,26,15,15,240,normal data
95,0,656,26,15,15,232,normal data
7994,7,1345,26,15,15,237,normal data
0,2,1198,26,15,15,239,normal data
206,3,1450,27,15,15,234,normal data
0,3,918,26,15,15,233,normal data
0,2,1179,27,15,15,237,normal data
0,0,1240,26,15,15,240,normal data
95,0,657,26,15,15,232,normal data
7994,7,1345,26,15,15,237,normal data
0,2,1198,26,15,15,240,normal data
206,3,1458,27,12,15,235,normal data
0,3,920,26,15,15,234,normal data
0,2,1182,27,15,15,237,normal data
0,0,1243,26,14,15,241,normal data
95,0,658,26,15,15,232,normal data
7994,7,1347,26,15,15,237,normal data
0,2,1204,26,14,15,239,normal data
206,3,1465,27,14,15,233,normal data
0,3,922,26,15,15,233,normal data
0,2,1183,27,15,15,237,normal data
0,0,1244,26,15,15,240,normal data
95,0,661,26,15,15,232,normal data
7994,7,1351,26,15,15,237,normal data
0,2,1208,26,15,15,239,normal data
206,3,1471,27,14,15,234,normal data
0,3,924,26,15,15,234,normal data
0,2,1186,27,15,15,237,normal data
0,0,1248,26,15,15,240,normal data
95,0,663,26,15,15,232,normal data
7994,7,1355,26,15,15,237,normal data
0,2,1211,26,15,15,239,normal data
206,3,1474,27,15,15,233,normal data
0,3,928,26,15,15,233,normal data
0,2,1193,27,15,15,237,normal data
0,0,1250,26,15,15,240,normal data
95,0,668,26,15,15,232,normal data
7994,7,1359,26,15,15,237,normal data
0,2,1216,26,15,15,239,normal data
206,3,1477,27,15,15,234,normal data
0,3,928,26,15,15,234,normal data
0,2,1197,27,15,15,237,normal data
0,0,1252,26,15,15,240,normal data
95,0,670,26,15,15,232,normal data
7994,7,1366,26,14,15,237,normal data
0,2,1219,26,15,15,239,normal data
206,3,1483,27,15,15,233,normal data
0,3,928,26,15,15,234,normal data
0,2,1200,27,14,15,237,normal data
0,0,1256,26,15,15,240,normal data
95,0,676,26,15,15,232,normal data
7994,7,1371,26,15,15,237,normal data
0,2,1223,26,15,15,239,normal data
206,3,1486,27,15,15,234,normal data
0,3,930,25,15,15,234,battery alarm
0,2,1202,27,15,15,237,normal data
0,0,1258,26,15,15,240,normal data
95,0,679,26,15,15,232,normal data
7994,7,1371,26,15,15,237,normal data
0,2,1228,26,13,15,239,normal data
206,3,1493,27,15,15,234,normal data
0,3,931,26,15,15,233,normal data
0,2,1204,27,15,15,237,normal data
0,0,1262,26,14,15,240,normal data
95,0,680,26,15,15,232,normal data
7994,7,1373,26,15,15,237,normal data
0,2,1229,26,15,15,239,normal data
206,3,1497,27,15,15,233,normal data
0,3,932,25,15,15,234,battery alarm
0,2,1207,27,15,15,237,normal data
0,0,1266,26,14,15,240,normal data
95,0,686,26,15,15,232,normal data
7994,7,1379,26,15,15,237,normal data
0,2,1234,26,15,15,239,normal data
206,3,1509,27,13,15,234,normal data
0,3,936,25,15,15,233,battery alarm
0,2,1211,27,15,15,237,normal data
0,0,1271,26,15,15,240,normal data
95,0,692,26,14,15,232,normal data
7994,7,1383,26,14,15,237,normal data
0,2,1236,26,15,15,239,normal data
206,3,1511,27,15,15,233,normal data
0,3,936,25,15,15,234,battery alarm
0,2,1218,27,15,15,237,normal data
0,0,1276,26,14,15,240,normal data
95,0,694,26,15,15,232,normal data
7994,7,1386,26,14,15,237,normal data
0,2,1241,26,15,15,239,normal data
206,3,1516,27,14,15,234,normal data
0,3,939,25,14,15,234,battery alarm
0,2,1221,27,15,15,237,normal data
0,0,1280,26,15,15,240,normal data
95,0,694,26,15,15,232,normal data
7994,7,1390,26,15,15,237,normal data
0,2,1243,26,15,15,239,normal data
206,3,1519,27,15,15,234,normal data
0,3,940,25,15,15,234,battery alarm
0,2,1232,27,12,15,237,normal data
0,0,1284,26,15,15,240,normal data
95,0,695,26,15,15,232,normal data
7994,7,1392,26,14,15,237,normal data
0,2,1245,26,15,15,239,normal data
206,3,1523,27,15,15,234,normal data
0,3,941,25,15,15,233,battery alarm
0,2,1235,27,14,15,237,normal data
0,0,1287,26,15,15,240,normal data
95,0,701,26,14,15,232,normal data
7994,7,1396,26,14,15,237,normal data
0,2,1249,26,14,15,239,normal data
206,3,1525,27,15,15,234,normal data
0,3,942,25,15,15,234,battery alarm
0,2,1241,27,15,15,237,normal data
0,0,1290,26,15,15,240,normal data
95,0,706,26,15,15,232,normal data
7994,7,1397,26,15,15,237,normal data
0,2,1250,26,15,15,239,normal data
206,3,1530,27,15,15,234,normal data
0,3,943,25,15,15,233,battery alarm
0,2,1247,27,15,15,237,normal data
0,0,1297,26,13,15,240,normal data
95,0,711,26,15,15,232,normal data
7994,7,1399,26,14,15,237,normal data
0,2,1251,26,15,15,239,normal data
206,3,1534,27,15,15,233,normal data
0,3,946,25,15,15,233,battery alarm
0,2,1251,27,15,15,237,normal data
0,0,1300,26,15,15,240,normal data
95,0,713,26,15,14,232,normal data
7994,7,1400,26,15,15,237,normal data
0,2,1251,26,15,15,239,normal data
206,3,1535,27,15,15,234,normal data
0,3,947,25,15,15,233,battery alarm
0,2,1257,27,15,15,237,normal data
0,0,1301,26,15,15,240,normal data
95,0,714,26,15,15,232,normal data
7994,7,1403,26,15,15,237,normal data
0,2,1252,26,15,15,239,normal data
206,3,1540,27,15,15,233,normal data
0,3,949,25,15,15,234,battery alarm
0,2,1260,27,15,15,237,normal data
0,0,1303,26,15,15,240,normal data
95,0,716,26,15,15,232,normal data
7994,7,1403,26,15,15,237,normal data
0,2,1255,26,15,15,239,normal data
206,3,1548,27,14,15,233,normal data
206,3,1549,27,14,15,233,normal data
0,3,953,25,15,15,233,normal data
0,2,1266,27,15,15,237,normal data
0,0,1306,26,15,15,240,normal data
95,0,722,26,15,15,232,normal data
7994,7,1405,26,15,15,237,normal data
0,2,1256,26,15,15,239,normal data
206,3,1552,27,15,15,233,normal data
0,3,954,25,15,15,233,battery alarm
0,2,1267,27,15,15,237,normal data
0,0,1309,26,15,15,240,normal data
95,0,722,26,15,15,232,normal data
7994,7,1405,26,15,15,237,normal data
0,2,1256,26,15,15,239,normal data
206,3,1555,27,14,15,234,normal data
0,3,955,25,15,15,233,battery alarm
0,2,1272,27,14,15,237,normal data
0,0,1312,26,15,15,240,normal data
95,0,728,26,15,15,232,normal data
7994,7,1408,26,15,15,237,normal data
0,2,1260,26,15,15,239,normal data
206,3,1561,27,13,15,234,normal data
0,3,958,25,15,15,234,battery alarm
0,2,1276,27,15,15,237,normal data
0,0,1314,26,15,15,240,normal data
95,0,728,26,15,15,232,normal data
7994,7,1411,26,15,15,237,normal data
0,2,1262,26,15,15,239,normal data
206,3,1566,27,14,15,234,normal data
0,3,958,25,15,15,234,battery alarm
0,2,1281,26,15,15,237,normal data
0,0,1318,26,15,15,240,normal data
95,0,730,26,15,15,232,normal data
7994,7,1413,26,15,15,237,normal data
0,2,1266,26,15,15,239,normal data
206,3,1567,27,15,15,233,normal data
0,3,959,25,15,15,234,battery alarm
0,2,1288,27,13,15,237,normal data
0,0,1321,26,14,15,240,normal data
95,0,732,26,15,15,232,normal data
7994,7,1421,26,15,15,237,normal data
0,2,1268,26,15,15,239,normal data
206,3,1570,27,15,15,234,normal data
0,3,962,25,15,15,234,battery alarm
0,2,1294,27,15,15,237,normal data
0,0,1322,26,15,15,240,normal data
95,0,734,26,15,15,232,normal data
7994,7,1421,26,15,15,237,normal data
0,2,1269,26,15,15,239,normal data
206,3,1573,27,15,15,233,normal data
0,3,964,25,15,15,234,battery alarm
0,2,1296,27,14,15,237,normal data
0,0,1325,26,15,15,240,normal data
95,0,736,26,15,15,232,normal data
7994,7,1424,26,15,15,237,normal data
0,2,1271,26,15,15,239,normal data
206,3,1578,27,13,15,234,normal data
0,3,967,25,15,15,234,battery alarm
0,2,1299,26,15,15,237,normal data
0,0,1326,26,15,15,240,normal data
95,0,741,26,14,15,232,normal data
7994,7,1424,26,15,15,237,normal data
0,2,1272,26,15,15,239,normal data
206,3,1582,27,15,15,233,normal data
0,3,968,25,15,15,233,battery alarm
0,2,1303,26,15,15,237,normal data
0,0,1332,26,15,15,240,normal data
95,0,744,26,15,15,233,normal data
7994,7,1425,26,15,15,237,normal data
0,2,1274,26,15,15,239,normal data
206,3,1585,27,15,15,234,normal data
0,3,969,25,15,15,233,battery alarm
0,2,1305,26,15,15,237,normal data
0,0,1336,26,15,15,240,normal data
95,0,751,26,15,14,233,normal data
7994,7,1430,26,15,15,237,normal data
0,2,1275,26,15,15,239,normal data
206,3,1586,27,15,14,234,normal data
0,3,970,25,15,15,234,battery alarm
0,2,1306,26,15,14,237,normal data
0,0,1341,26,15,15,240,normal data
95,0,753,26,15,14,232,normal data
7994,7,1434,26,15,15,237,normal data
0,2,1277,26,15,15,239,normal data
206,3,1590,27,13,14,234,normal data
0,3,970,25,15,14,234,battery alarm
0,2,1309,26,15,15,237,normal data
0,0,1346,26,12,15,240,normal data
95,0,759,26,13,14,233,normal data
7994,7,1436,26,15,15,237,normal data
0,2,1278,26,15,15,239,normal data
206,3,1598,27,13,14,234,normal data
0,3,970,25,15,14,233,battery alarm
0,2,1315,26,15,15,237,normal data
0,0,1347,26,15,15,240,normal data
95,0,762,26,15,15,233,normal data
7994,7,1438,26,15,15,237,normal data
0,2,1280,26,15,15,240,normal data
206,3,1602,27,15,15,235,normal data
0,3,971,25,15,15,234,battery alarm
0,2,1315,26,15,15,237,normal data
0,0,1348,26,15,15,241,normal data
95,0,764,26,15,15,233,normal data
7994,7,1442,26,13,15,237,normal data
0,2,1286,26,12,15,239,normal data
206,3,1604,27,14,15,234,normal data
0,3,975,25,14,15,233,battery alarm
0,2,1319,26,15,15,237,normal data
0,0,1350,25,15,15,240,normal data
95,0,767,26,15,15,233,normal data
7994,7,1446,26,15,15,237,normal data
0,2,1290,26,15,15,239,normal data
206,3,1606,27,15,15,234,normal data
0,3,975,25,15,15,234,battery alarm
0,2,1324,26,15,15,237,normal data
0,0,1351,26,15,15,241,normal data
95,0,768,26,15,15,232,normal data
7994,7,1448,26,15,15,237,normal data
0,2,1295,26,15,15,239,normal data
206,3,1609,27,15,15,233,normal data
0,3,976,25,15,15,234,battery alarm
0,2,1331,26,15,15,237,normal data
0,0,1351,25,15,15,241,battery alarm
95,0,770,26,15,15,232,normal data
7994,7,1449,26,15,15,237,normal data
0,2,1298,26,15,15,239,normal data
206,3,1613,27,14,15,233,normal data
0,3,978,25,15,15,234,battery alarm
0,2,1336,26,15,15,237,normal data
0,0,1355,26,15,15,240,normal data
95,0,772,26,15,15,233,normal data
7994,7,1450,26,15,15,237,normal data
0,2,1299,26,15,15,239,normal data
206,3,1614,27,15,15,233,normal data
0,3,980,25,15,15,234,battery alarm
0,2,1337,26,15,15,237,normal data
0,0,1356,25,15,15,240,normal data
95,0,774,26,15,15,233,normal data
7994,7,1451,26,15,15,237,normal data
0,2,1302,26,15,15,239,normal data
206,3,1616,27,15,15,234,normal data
0,3,980,25,15,15,234,normal data
0,2,1341,26,14,15,237,normal data
0,0,1359,25,15,15,240,battery alarm
95,0,777,26,15,15,233,normal data
7994,7,1458,26,15,15,237,normal data
0,2,1309,26,15,15,239,normal data
206,3,1618,27,15,15,233,normal data
0,3,981,25,15,15,234,battery alarm
0,2,1349,26,15,15,237,normal data
0,0,1367,25,12,15,240,battery alarm
95,0,780,26,15,15,233,normal data
7994,7,1458,26,15,15,237,normal data
0,2,1315,26,15,15,239,normal data
206,3,1620,27,15,15,233,normal data
0,3,984,25,15,15,234,battery alarm
0,2,1351,26,15,15,237,normal data
0,0,1368,25,15,15,241,battery alarm
95,0,785,26,15,15,232,normal data
7994,7,1462,26,15,15,237,normal data
0,2,1317,26,15,15,239,normal data
206,3,1626,27,15,15,233,normal data
0,3,987,25,15,15,234,battery alarm
0,2,1358,26,14,15,237,normal data
0,0,1371,25,15,15,240,battery alarm
95,0,791,26,15,15,232,normal data
7994,7,1463,26,15,15,237,normal data
0,2,1323,26,14,15,239,normal data
206,3,1632,27,14,15,233,normal data
0,3,991,25,15,15,233,battery alarm
0,2,1359,26,15,15,237,normal data
0,0,1374,25,15,15,241,normal data
95,0,794,26,15,15,233,normal data
7994,7,1467,26,14,15,237,normal data
0,2,1325,26,15,15,239,normal data
206,3,1636,27,15,15,233,normal data
0,3,993,25,15,15,234,battery alarm
0,2,1362,26,15,15,237,normal data
0,0,1377,25,15,15,241,battery alarm
95,0,799,26,14,15,233,normal data
7994,7,1471,26,15,15,237,normal data
0,2,1326,26,15,15,239,normal data
206,3,1642,27,15,15,233,normal data
0,3,998,25,15,15,234,battery alarm
0,2,1366,26,15,15,237,normal data
0,0,1379,25,15,15,241,normal data
95,0,801,26,15,15,232,normal data
7994,7,1474,26,15,15,237,normal data
0,2,1330,26,15,15,239,normal data
206,3,1646,26,14,15,233,normal data
0,3,1001,25,15,15,234,battery alarm
0,2,1368,26,15,15,237,normal data
0,0,1380,25,15,15,240,normal data
95,0,804,26,14,15,233,normal data
7994,7,1476,26,15,15,237,normal data
0,2,1333,26,13,15,239,normal data
206,3,1651,27,14,15,234,normal data
0,3,1008,25,15,15,234,battery alarm
0,2,1369,26,15,15,237,normal data
0,0,1381,25,15,15,241,normal data
95,0,806,26,15,15,233,normal data
7994,7,1482,26,14,15,237,normal data
0,2,1335,26,15,15,239,normal data
206,3,1651,27,15,15,233,normal data
0,3,1011,25,15,15,234,battery alarm
0,2,1370,26,15,15,237,normal data
0,0,1382,25,15,15,241,battery alarm
95,0,809,26,15,15,232,normal data
7994,7,1482,26,15,15,237,normal data
0,2,1337,26,15,15,239,normal data
206,3,1653,26,15,15,234,normal data
0,3,1014,25,15,15,234,battery alarm
0,2,1371,26,15,15,237,normal data
0,0,1384,25,15,15,241,battery alarm
95,0,813,26,15,15,233,normal data
7994,7,1483,26,15,15,237,normal data
0,2,1339,26,15,15,239,normal data
206,3,1657,26,14,15,234,normal data
206,3,1659,26,14,15,234,normal data
0,3,1020,25,15,15,234,battery alarm
0,2,1372,26,15,15,237,normal data
0,0,1388,25,15,15,241,battery alarm
95,0,818,26,14,15,233,normal data
7994,7,1485,26,15,15,237,normal data
0,2,1341,26,15,15,239,normal data
206,3,1662,26,15,15,234,normal data
0,3,1022,25,15,15,234,battery alarm
0,2,1375,26,14,15,237,normal data
0,0,1391,25,15,14,241,battery alarm
95,0,819,26,15,15,233,normal data
7994,7,1485,26,15,15,237,normal data
0,2,1347,26,15,15,239,normal data
206,3,1668,26,15,14,234,normal data
0,3,1024,25,15,15,234,battery alarm
0,2,1381,26,14,15,237,normal data
0,0,1391,25,15,15,241,battery alarm
95,0,823,26,15,15,233,normal data
7994,7,1485,26,15,15,237,normal data
0,2,1354,26,15,15,239,normal data
206,3,1671,26,15,15,234,normal data
0,3,1028,25,15,15,234,battery alarm
0,2,1384,26,15,15,237,normal data
0,0,1394,25,15,15,240,battery alarm
95,0,824,26,15,15,232,normal data
7994,7,1486,26,15,15,237,normal data
0,2,1360,26,15,15,239,normal data
206,3,1675,26,15,15,234,normal data
0,3,1029,25,15,15,234,battery alarm
0,2,1386,26,15,15,237,normal data
0,0,1399,25,14,15,240,battery alarm
95,0,827,26,15,15,233,normal data
7994,7,1490,26,15,15,237,normal data
0,2,1366,26,15,15,239,normal data
206,3,1675,26,15,15,234,normal data
0,3,1030,25,15,15,234,battery alarm
0,2,1389,26,15,15,237,normal data
0,0,1403,25,15,15,241,battery alarm
95,0,830,26,14,15,233,normal data
7994,7,1490,26,15,15,237,normal data
0,2,1369,26,15,15,239,normal data
206,3,1678,26,14,15,234,normal data
0,3,1032,25,15,15,234,battery alarm
0,2,1395,26,15,15,237,normal data
0,0,1406,25,15,15,240,battery alarm
95,0,831,26,15,15,233,normal data
7994,7,1490,26,15,15,237,normal data
0,2,1369,26,15,15,239,normal data
206,3,1678,26,15,15,235,normal data
0,3,1035,25,15,15,234,battery alarm
0,2,1397,26,15,15,237,normal data
0,0,1407,25,15,15,241,battery alarm
95,0,834,26,15,15,233,normal data
7994,7,1490,26,15,15,237,normal data
7994,7,1491,26,15,15,237,normal data
0,2,1370,26,15,15,239,normal data
206,3,1684,26,15,15,233,normal data
0,3,1039,25,15,15,233,battery alarm
0,2,1403,26,15,15,237,normal data
0,0,1410,25,15,15,241,battery alarm
95,0,836,26,15,15,233,normal data
7994,7,1491,26,15,15,237,normal data
0,2,1373,26,15,15,240,normal data
206,3,1690,26,15,15,234,normal data
0,3,1039,25,15,15,234,battery alarm
0,2,1405,26,15,15,237,normal data
0,0,1414,25,15,15,241,normal data
95,0,839,26,15,15,233,normal data
7994,7,1493,26,15,15,237,normal data
0,2,1373,26,15,15,238,normal data
206,3,1694,26,15,15,234,normal data
0,3,1045,25,15,15,234,battery alarm
0,2,1413,26,14,15,237,normal data
0,0,1416,25,15,15,241,battery alarm
95,0,843,26,15,15,233,normal data
7994,7,1495,26,15,15,237,normal data
0,2,1376,26,15,15,239,normal data
206,3,1701,26,14,15,234,normal data
0,3,1045,25,15,15,234,battery alarm
0,2,1415,26,15,15,237,normal data
0,0,1416,25,15,15,240,battery alarm
95,0,847,26,15,15,233,normal data
7994,7,1497,26,15,15,237,normal data
0,2,1380,26,15,15,239,normal data
206,3,1704,26,14,15,234,normal data
0,3,1047,25,15,15,234,battery alarm
0,2,1418,26,15,15,237,normal data
0,0,1421,25,15,15,241,battery alarm
95,0,849,26,14,15,232,normal data
7994,7,1502,26,15,15,237,normal data
0,2,1380,26,15,15,239,normal data
206,3,1711,26,15,15,234,normal data
0,3,1051,25,15,15,234,battery alarm
0,2,1426,26,15,15,237,normal data
0,0,1422,25,15,15,241,battery alarm
95,0,850,26,15,15,233,normal data
7994,7,1506,26,15,15,237,normal data
0,2,1383,26,15,15,238,normal data
206,3,1715,26,13,15,234,normal data
0,3,1053,25,15,15,234,battery alarm
0,2,1431,26,15,15,237,normal data
0,0,1426,25,15,15,241,battery alarm
95,0,853,26,15,15,233,normal data
7994,7,1507,26,15,15,237,normal data
0,2,1391,25,15,15,239,battery alarm
206,3,1721,26,13,15,234,normal data
0,3,1060,25,15,15,234,battery alarm
0,2,1434,26,15,15,237,normal data
0,0,1428,25,15,15,240,battery alarm
95,0,855,26,15,15,233,normal data
7994,7,1508,26,15,15,236,normal data
0,2,1397,25,15,15,239,battery alarm
206,3,1726,26,15,15,234,normal data
0,3,1062,25,15,15,234,battery alarm
0,2,1436,26,15,15,237,normal data
0,0,1431,25,15,15,241,battery alarm
95,0,859,26,14,15,233,normal data
7994,7,1511,26,15,15,237,normal data
0,2,1399,26,15,15,239,normal data
206,3,1730,26,13,15,233,normal data
0,3,1063,25,15,15,234,battery alarm
0,2,1439,26,15,15,237,normal data
0,0,1435,25,15,15,240,battery alarm
95,0,862,26,15,15,233,normal data
7994,7,1513,26,15,15,237,normal data
0,2,1409,25,12,15,239,battery alarm
206,3,1731,26,15,15,234,normal data
0,3,1063,25,15,15,234,battery alarm
0,2,1444,26,14,15,237,normal data
0,0,1438,25,15,15,241,battery alarm
95,0,864,26,15,15,233,normal data
7994,7,1513,26,15,15,237,normal data
0,2,1412,25,15,15,239,battery alarm
206,3,1731,26,15,15,234,normal data
0,3,1063,25,15,15,234,battery alarm
0,2,1447,26,15,15,237,normal data
0,0,1443,25,15,15,240,battery alarm
95,0,871,26,15,15,233,normal data
7994,7,1515,26,15,15,237,normal data
0,2,1413,25,15,15,239,battery alarm
206,3,1731,26,15,15,234,normal data
0,3,1070,25,14,15,234,battery alarm
0,2,1453,26,15,15,237,normal data
0,0,1445,25,15,15,240,battery alarm
95,0,872,26,15,15,233,normal data
7994,7,1516,26,15,15,237,normal data
0,2,1415,25,15,15,239,battery alarm
206,3,1737,26,15,15,234,normal data
0,3,1071,25,15,15,234,battery alarm
0,2,1456,26,15,15,237,normal data
0,0,1446,25,15,15,241,battery alarm
95,0,873,26,15,15,233,normal data
7994,7,1519,26,15,15,237,normal data
0,2,1415,25,15,15,238,battery alarm
206,3,1740,26,15,15,234,normal data
0,3,1072,25,15,15,234,battery alarm
0,2,1460,26,15,15,237,normal data
0,0,1447,25,15,15,241,battery alarm
95,0,879,26,14,15,233,normal data
7994,7,1522,26,15,15,237,normal data
0,2,1420,25,15,15,239,battery alarm
206,3,1743,26,15,15,234,normal data
0,3,1072,25,15,15,234,battery alarm
0,2,1463,26,15,15,237,normal data
0,0,1448,25,15,15,241,battery alarm
95,0,880,26,15,15,233,normal data
7994,7,1525,26,15,15,237,normal data
0,2,1427,25,15,15,239,battery alarm
206,3,1746,26,15,15,234,normal data
0,3,1076,25,14,15,234,battery alarm
0,2,1467,26,15,15,237,normal data
0,0,1450,25,15,15,240,battery alarm
95,0,881,26,15,15,233,normal data
7994,7,1530,26,15,15,237,normal data
0,2,1429,25,15,15,239,battery alarm
206,3,1750,26,15,15,235,normal data
0,3,1077,25,15,15,233,battery alarm
0,2,1469,26,15,15,237,normal data
0,0,1455,25,15,15,241,battery alarm
95,0,885,26,15,15,233,normal data
7994,7,1532,26,15,15,237,normal data
0,2,1431,25,15,15,240,battery alarm
206,3,1752,26,15,15,234,normal data
0,3,1079,25,15,15,234,battery alarm
0,2,1472,26,15,15,237,normal data
0,0,1455,25,15,15,241,battery alarm
95,0,890,26,15,15,233,normal data
7994,7,1536,26,14,15,237,normal data
0,2,1435,25,15,15,239,battery alarm
206,3,1753,26,15,15,234,normal data
0,3,1081,25,15,15,234,battery alarm
0,2,1474,26,15,15,237,normal data
0,0,1456,25,15,15,241,battery alarm
95,0,892,26,15,15,233,normal data
7994,7,1538,26,15,15,236,normal data
0,2,1437,25,15,15,239,battery alarm
206,3,1760,26,11,15,234,normal data
0,3,1085,25,14,15,234,battery alarm
0,2,1478,26,14,15,237,normal data
0,0,1458,25,15,15,241,battery alarm
95,0,894,26,15,15,233,normal data
7994,7,1540,26,15,15,237,normal data
0,2,1438,25,15,15,239,battery alarm
206,3,1765,26,13,15,234,normal data
0,3,1087,25,15,15,234,battery alarm
0,2,1484,26,14,15,237,normal data
0,0,1459,25,15,15,241,battery alarm
95,0,898,26,15,15,233,normal data
7994,7,1542,26,15,15,237,normal data
0,2,1441,25,15,15,239,battery alarm
206,3,1769,26,15,15,234,normal data
0,3,1090,25,15,15,234,battery alarm
0,2,1486,26,15,15,237,normal data
0,0,1460,25,15,15,241,battery alarm
95,0,902,26,15,15,233,normal data
7994,7,1543,26,15,15,237,normal data
0,2,1445,25,15,15,239,battery alarm
206,3,1771,26,15,15,233,normal data
0,3,1092,25,15,15,234,battery alarm
0,2,1489,26,14,15,237,normal data
0,0,1463,25,15,15,240,battery alarm
95,0,905,26,15,15,233,normal data
7994,7,1544,26,15,15,237,normal data
0,2,1447,25,15,15,239,battery alarm
206,3,1777,26,15,15,234,normal data
0,3,1095,25,15,15,233,normal data
0,2,1493,26,15,15,237,normal data
0,0,1467,25,14,15,241,battery alarm
95,0,908,26,15,15,233,normal data
7994,7,1546,26,15,15,237,normal data
0,2,1448,25,15,15,239,battery alarm
206,3,1783,26,15,15,234,normal data
0,3,1097,25,15,15,234,battery alarm
0,2,1499,26,15,15,237,normal data
0,0,1469,25,15,15,241,battery alarm
95,0,911,26,15,15,233,normal data
7994,7,1546,26,15,15,237,normal data
0,2,1450,25,15,15,239,battery alarm
206,3,1788,26,13,15,234,normal data
0,3,1103,25,15,15,234,battery alarm
0,2,1504,26,15,15,237,normal data
0,0,1471,25,15,15,241,battery alarm
95,0,915,26,14,15,233,normal data
7994,7,1546,26,15,15,237,normal data
0,2,1453,25,15,15,239,battery alarm
206,3,1790,26,15,15,234,normal data
0,3,1103,25,15,15,234,battery alarm
0,2,1508,26,14,15,237,normal data
0,0,1474,25,15,15,241,battery alarm
95,0,919,26,14,15,233,normal data
7994,7,1548,26,15,15,237,normal data
0,2,1454,25,15,15,239,battery alarm
206,3,1792,26,15,15,234,normal data
0,3,1104,25,15,15,234,battery alarm
0,2,1512,26,13,15,237,normal data
0,0,1477,25,15,15,241,battery alarm
95,0,923,26,15,15,233,normal data
7994,7,1550,26,15,15,237,normal data
0,2,1459,25,15,15,239,battery alarm
206,3,1798,26,15,15,234,normal data
0,3,1105,25,15,15,234,battery alarm
0,2,1515,26,14,15,237,normal data
0,0,1477,25,15,15,241,battery alarm
95,0,927,26,15,15,233,normal data
7994,7,1550,26,15,15,237,normal data
0,2,1462,25,15,15,239,battery alarm
206,3,1801,26,15,15,234,normal data
0,3,1107,25,15,15,234,battery alarm
0,2,1518,26,15,15,237,normal data
0,0,1482,25,15,15,241,battery alarm
95,0,931,26,15,15,233,normal data
7994,7,1552,26,14,15,237,normal data
0,2,1462,25,15,15,239,battery alarm
206,3,1804,26,15,15,234,normal data
0,3,1109,25,15,15,234,battery alarm
0,2,1522,26,13,15,237,normal data
0,0,1484,25,15,15,241,battery alarm
95,0,934,26,15,15,233,normal data
7994,7,1554,26,14,15,237,normal data
0,2,1464,25,15,15,239,battery alarm
206,3,1807,26,15,15,235,normal data
0,3,1114,25,15,15,234,battery alarm
0,2,1528,26,15,15,237,normal data
0,0,1488,25,15,15,241,battery alarm
95,0,936,26,15,15,233,normal data
7994,7,1556,26,15,15,237,normal data
0,2,1465,25,15,15,239,battery alarm
206,3,1815,26,15,15,234,normal data
0,3,1117,25,15,15,234,battery alarm
0,2,1531,26,14,15,237,normal data
0,0,1489,25,15,15,241,battery alarm
95,0,938,26,15,15,232,normal data
7994,7,1557,25,15,15,237,battery alarm
0,2,1468,25,15,15,239,battery alarm
206,3,1819,26,15,15,234,normal data
0,3,1119,25,15,15,234,battery alarm
0,2,1536,26,15,15,237,normal data
0,0,1490,25,15,15,241,battery alarm
95,0,939,26,15,15,233,normal data
7994,7,1558,26,15,15,237,normal data
0,2,1471,25,15,15,239,battery alarm
206,3,1822,26,15,15,234,normal data
0,3,1119,25,15,15,234,battery alarm
0,2,1542,26,14,15,237,normal data
0,0,1497,25,15,15,241,battery alarm
95,0,941,26,15,15,233,normal data
7994,7,1559,25,15,15,237,battery alarm
0,2,1476,25,15,15,239,battery alarm
206,3,1829,26,13,15,234,normal data
0,3,1122,25,15,15,234,battery alarm
0,2,1550,26,14,15,237,normal data
0,0,1501,25,15,15,241,battery alarm
95,0,944,26,15,15,233,normal data
7994,7,1560,25,15,15,237,battery alarm
0,2,1478,25,15,15,239,battery alarm
206,3,1836,26,15,15,234,normal data
0,3,1125,25,14,15,234,battery alarm
