{
  "project_info": {
    "project_number": "536357352320",
    "firebase_url": "https://medical-app-13bc9.firebaseio.com",
    "project_id": "medical-app-13bc9",
    "storage_bucket": "medical-app-13bc9.appspot.com"
  },
  "client": [
    {
      "client_info": {
        "mobilesdk_app_id": "1:536357352320:android:d362d73d33f52015",
        "android_client_info": {
          "package_name": "ae.ac.uaeu.annlearning"
        }
      },
      "oauth_client": [
        {
          "client_id": "536357352320-p73lr8kbtrsqmm9daq69ijvf7pkcd0j0.apps.googleusercontent.com",
          "client_type": 1,
          "android_info": {
            "package_name": "ae.ac.uaeu.annlearning",
            "certificate_hash": "0e361bc9c2935a395ecc095290293c002f14c133"
          }
        },
        {
          "client_id": "536357352320-j7ind6joal9h5ant2nh3j16hh7vf6os3.apps.googleusercontent.com",
          "client_type": 3
        }
      ],
      "api_key": [
        {
          "current_key": "AIzaSyA84rKdb8SfB122LfoX6ANYNnWBLB8ySUs"
        }
      ],
      "services": {
        "appinvite_service": {
          "other_platform_oauth_client": [
            {
              "client_id": "536357352320-j7ind6joal9h5ant2nh3j16hh7vf6os3.apps.googleusercontent.com",
              "client_type": 3
            }
          ]
        }
      }
    }
  ],
  "configuration_version": "1"
}